icsd,formula,PTR_label,LoStOP_label,Final PTR,Final cosine,Final Euclid,material_id,formation_energy,band_gap,bulk_modulus
24530,Cu6 P2 S8,0,0,0,0,0,mp-3934,-0.600182428,1.3616,79
152790,Cd4 Ga2 Cu0.4 Ag1.6 S8,0,0,0,0,0,,,,
627740,Mn0.2 Zn1.8 Cu4 Ge2 S8,0,0,0,0,0,,,,
415452,Mn2 Cu4 Si2 S8,0,0,0,0,0,mp-12023,-0.836089406,0,
619770,Cd2 Cu4 Si2 S8,0,0,0,0,0,mp-6449,-0.843451858,0.9866,
16924,Cd2 Cu4 Si2 S8,0,0,0,0,0,mp-6449,-0.843451858,0.9866,
628635,Cu6 P2 S8,0,0,0,0,0,mp-3934,-0.600182428,1.3616,79
14303,Cu4 Sb4 Pb4 S12,0,1,1,0,1,mp-649774,-0.6680897,0.7828,21
193986,Mn2 Cu4 Si2 S8,0,0,0,0,0,mp-12023,-0.836089406,0,
628869,Zn2 Cu4 Si2 S8,0,0,0,0,0,mp-977414,-0.881135162,1.2823,
627355,Fe2 Cu4 Si2 S8,0,0,0,0,0,mp-1188558,-0.745983375,0.0207,
628856,Cu16 Si2 S12,0,2,2,0,2,mp-13872,-0.503861108,0.8337,
23606,Cu4 Pb10 C2 S6 O42,-1,-1,-1,1,3,,,,
627735,Mn2 Cu4 Ge2 S8,0,0,0,0,0,mp-20474,-0.731820555,0.2651,70
627793,Zn2 Cu4 Ge2 S8,0,0,0,0,0,mp-1105527,-0.777153349,0.4999,
627787,Zn2 Cu4 Ge2 Se4 S4,0,0,0,0,0,,,,
413350,Cu6 As2 S8,0,0,0,0,0,mp-3345,-0.52691765,0.0392,73
36478,Cu4 As4 Pb4 S12,0,-1,1,0,1,mp-628643,-0.637516049,0.7984,
195307,Cu4 Ag2 P2 S8,0,0,0,0,0,mp-1105189,-0.570155848,1.0718,
24374,Cu16 Si2 S12,0,2,2,0,2,mp-13872,-0.503861108,0.8337,
152762,Cu4 Hg2 Ge2 S8,0,0,0,0,0,mp-557574,-0.611923362,0.042,
188032,Cu6 P2 Se6.578 S1.422,0,0,0,0,0,,,,
427893,Zn2 Cu4 Si1.58 Sn0.42 S8,0,0,0,0,0,,,,
5109,Cu4 Bi4 Te0.156 Pb4 Se4.764 S7.08,0,1,1,0,1,,,,
182267,Cu4 Sb4 Pb4 S12,0,1,1,0,1,mp-649774,-0.6680897,0.7828,21
627928,Cu4 Si2 Hg2 S8,0,0,0,0,0,mp-1106310,-0.71470023,0.4011,
26150,Cd2 Cu4 Ge2 S8,0,0,0,0,0,mp-13982,-0.738244349,0.3826,67
425554,Mg2 Cu4 Si2 S8,0,0,0,0,0,,,,
656979,Cu3 Ag3 P2 S8,0,0,0,0,0,,,,
627311,Zn1.6 Fe0.4 Cu4 Ge2 S8,0,0,0,0,0,,,,
193988,Mn2 Cu4 Ge2 S8,0,0,0,0,0,mp-20474,-0.731820555,0.2651,70
416029,Mn2 Cu4 Sn0.894 Ge1.106 S8,0,0,0,0,0,,,,
36477,Cu4 Sb4 Pb4 S12,0,-1,1,0,1,mp-649774,-0.6680897,0.7828,21
280133,Cu16 Ge2 S12,0,2,2,0,2,mp-5546,-0.431892587,1.2399,
2622,Cu4 Pb10 C2 S6 O42,-1,-1,-1,1,3,,,,
415926,Mn1.36 Co0.64 Cu4 Ge2 S8,0,0,0,0,0,,,,
188031,Cu6 P2 Se4.208 S3.792,0,0,0,0,0,,,,
603951,Cu6 P2 Se4 S4,0,0,0,0,0,,,,
425555,Mg2 Cu4 Ge2 S8,0,0,0,0,0,mp-1189056,-0.929115246,0.7997,
42672,Cu6 Sb2 S8,0,0,0,0,0,mp-22171,-0.5466174,0,
164674,Cu4 H12 Pb10 C2 S6 O42,-1,-1,-1,1,3,mp-1202476,-1.693955773,0,
5097,Zn0.48 In0.1 Fe1.92 Cu3.68 Ag0.04 Sn1.78 S8,0,0,0,0,0,,,,
185597,Zn2 Cu4 Sn2 S8,0,0,0,0,0,mp-1190224,-0.780689234,0.0018,
95925,Cu1.96 Bi6 Pb2 S12,1,3,3,0,1,,,,
41970,Cu2 Bi6 Pb2 S12,1,-1,3,0,1,mp-542302,-0.710907471,0.6797,
160417,Cu2 Bi6 Pb2 S12,1,3,3,0,1,mp-542302,-0.710907471,0.6797,
95927,Cu2.24 Bi5.64 Pb2.36 S12,1,-1,3,0,1,,,,
30776,Cu2 Bi6 Pb2 S12,1,3,3,0,1,,,,
89857,Cu5.74 Bi26 Pb6 S48,1,3,3,0,1,,,,
66582,Cu4 Ag4 S4,0,-1,4,2,4,,,,
8757,Cu6 Ag4 Bi14 Pb6 S32,0,-1,5,0,1,,,,
65082,Fe2 Cu8 Bi2 Pb2 S12,0,-1,3,0,1,,,,
60151,Cu1.4 Bi22.6 Pb1.4 Se6.12 S29.88,-1,3,3,0,1,,,,
94739,Cu10.72 Bi21.28 Pb10.72 S48,1,3,3,0,1,,,,
258759,Fe5.4 Cu16.6 Sn3.88 S24,0,4,6,0,1,,,,
258758,Fe6 Cu16 Sn3.88 S24,0,4,6,0,1,,,,
41894,Zn1.7 Fe4.3 Cu16 Sn4 S24,0,4,6,0,1,,,,
604806,Ba2 Cu1 Ag3 Sn2 S8,0,-1,7,0,1,,,,
259855,Zn2 In0.12 Fe3.88 Cu16 Ge4 S24,0,-1,6,0,1,,,,
198647,Cu2 Ni1 Ge1 S4,0,0,0,0,0,,,,
426584,Cu4 H40 C8 S16 N12 O4,-1,-1,-1,3,18,,,,
627166,Dy4 Cu4 S8,0,5,8,0,1,mp-554120,-1.703353082,1.6346,
628968,Yb4 Cu4 S8,0,5,8,0,1,mp-640381,-1.379432776,0,
23645,Cu12 Bi4 S12,0,6,9,0,1,mp-607291,-0.487610995,0.7349,
628553,Cu4 Ni4 Sb4 S12,0,7,10,0,5,mp-1191203,-0.633495731,0.4212,
180450,Cu4 Bi4 Pt4 S12,0,7,10,0,5,mp-865018,-0.699476841,0.5441,
628305,Lu4 Cu4 S8,0,8,8,0,1,mp-1105845,-1.688044178,1.7647,
627235,Er4 Cu4 S8,0,8,8,0,1,mp-559826,-1.69834652,1.7557,
2052,Cu12 Bi8 S16 Cl4,0,-1,-1,0,1,,,,
627965,Ho4 Cu4 S8,0,5,8,0,1,mp-560611,-1.703225587,1.6624,
81713,Cs4 Cu4 Se8 S8,0,-1,-1,0,-1,,,,
16352,Cu4 S16 N4,0,-1,-1,0,6,mp-1190776,0.380849943,0,
628960,Y4 Cu4 S8,0,5,8,0,1,mp-12843,-1.703871084,1.7908,
403113,Cu12 Sb4 S12,0,6,9,0,1,mp-17691,-0.477000809,1.004,
152806,Tm3.872 Cu4.396 S8,0,-1,-1,0,-1,,,,
426583,Cu4 H8 C4 S8 N4,0,-1,-1,3,18,,,,
402075,Cs4 Cu4 S16,0,-1,-1,0,6,mp-18003,-0.876892413,1.808,
628936,Tm4 Cu4 S8,0,8,8,0,1,mp-1189200,-1.695827639,1.7613,
1919,Cu12 Bi8 S16 Br4,0,-1,-1,0,1,,,,
243543,K8 Cu8 S12 O48,0,-1,-1,1,13,,,,
7767,Cu4 Bi4 Pd4 S12,0,7,10,0,5,,,,
68678,Cu4 Ni4 Bi3.6 Sb0.4 S12,0,7,10,0,5,,,,
88007,Na16 Nb4 Cu8 S42,-1,-1,-1,-1,-1,mp-554071,-1.047370174,1.1542,
267371,K4 Nd8 Cu4 S24,-1,9,11,4,7,,,,
267372,K4 Pr8 Cu4 S24,-1,9,11,4,7,,,,
657395,K12 Ta8 Cu12 S32,0,10,12,0,1,mp-1197797,-1.309046335,2.311,
430091,Rb4 Cu4 Sb8 S16,0,-1,-1,0,1,,,,
628074,Tl15.68 In16 Cu0.32 S32,-1,-1,-1,-1,-1,,,,
262273,Na4 Cu4 S4 O16 F4,-1,-1,14,1,3,,,,
83969,Ba8 V4 Cu12 S24,0,-1,-1,0,-1,mp-560493,-1.389661818,0.6846,
239841,Cu6.32 Ag17.68 As8 S24,0,-1,-1,0,-1,,,,
174608,Cu4 Hg4 C16 S16 N16,2,-1,13,5,8,,,,
67697,K12 Nb8 Cu12 S32,0,10,12,0,1,mp-581419,-1.281063624,1.8652,
252342,Li8 Cu8 S8 O32 F8,-1,-1,14,1,3,mp-1195676,-2.01815902,0.4309,
74021,Rb16 Cu16 Sn16 S48,0,-1,-1,0,-1,mp-541407,-0.971831216,0.1326,
430092,Cs4 Cu4 Sb8 S16,-1,-1,-1,0,1,,,,
61417,U24 Cu8 S52,-1,-1,-1,-1,-1,mp-28356,-1.559016548,0,
267370,K4 La8 Cu4 S24,-1,9,11,4,7,,,,
32638,Cr4 Cu4 P8 S24,0,-1,-1,-1,-1,,,,
195342,Sc4 Cu4 P8 S24,0,11,-1,0,9,,,,
417841,K12 Ta4.072 Nb3.928 Cu12 S32,0,10,12,0,1,,,,
151073,Cu4 C36 S8 N4 F40,-1,-1,-1,-1,-1,mp-1204111,-0.598382635,0.7437,
94629,K4 Ca4 Cu2 S8 O36,-1,-1,-1,1,3,,,,
412900,La8 Cu4 S16,-1,-1,-1,0,-1,mp-31273,-2.01934299,1.6276,
171302,K4 Cu2 H24 Se2.9848 S1.016 O28.0,3,12,15,1,3,,,,
97703,Cu16 S4 O40,0,13,14,1,3,mp-1197335,-1.017481857,0,
55329,Zn1.224 Fe1.4112 Cu1.364 S4 O44,4,14,14,1,3,,,,
171288,K4 Cu2 H24 S4 O28,3,15,16,1,3,mp-24038,-1.668744184,0.5616,
253304,Na4 Cu2 Se1 S3 O20,0,14,14,1,3,,,,
171303,K4 Cu2 H24 Se3.0104 S0.988 O28,3,12,15,1,3,,,,
620903,Ce4 Cu4 S8,0,16,17,0,10,mp-5766,-1.681072539,0,
428613,Cu8 Bi4 Te4 S4 O40,-1,-1,-1,1,3,,,,
627631,Gd4 Cu4 S8,0,16,17,0,10,mp-510471,-1.725098945,1.0301,
8424,Zn11.844 As0.68 P3.44 S1.88 O43.92,-1,-1,-1,-1,-1,,,,
253298,Na4 Cu2 Se0.2 S3.8 O20,0,14,14,1,3,,,,
415080,Sm4 Cu4 S8,0,16,17,0,10,mp-5081,-1.711981199,1.4371,
415078,La4 Cu4 S8,0,16,17,0,10,mp-4841,-1.798282323,1.2345,
171317,K4 Cu2 H24 Se0.856 S3.1456 O28,3,12,15,1,3,,,,
189268,K1.648 Cu2 H24 S4 N2.352 O28,-1,15,-1,1,3,,,,
171315,K4 Cu2 H24 Se0.864 S3.1348 O28.0,3,12,15,1,3,,,,
172626,Mg2.22 Cu1.78 S4 O44,-1,14,14,1,3,,,,
628720,Pr4 Cu4 S8,0,16,17,0,10,mp-16684,-1.704517436,1.3786,
422593,Na4 Cu2 H8 S4 O20,-1,-1,18,1,3,mp-721317,-1.821112692,0.769,
59288,Cu16 H24 S4 O40,-1,-1,-1,1,3,,,,
171311,K4 Cu2 H24 Se1.256 S2.7424 O28,3,12,15,1,3,,,,
171286,K4 Cu2 H24 S4 O28,3,15,16,1,3,mp-24038,-1.668744184,0.5616,
171304,K4 Cu2 H24 Se2.9824 S1.016 O28.0,3,12,15,1,3,,,,
24107,Cu6 S4 O16,0,-1,14,1,3,,,,
171291,K4 Cu2 H24 Se3.3036 S0.696 O28,3,12,15,1,3,,,,
79659,Cu24 Sb8 S24,0,-1,82,0,48,,,,
93232,Hf4 Cu8.0 S12,0,-1,-1,0,-1,,,,
262252,Cu4 As28 P4 S28 Br4,-1,-1,19,0,11,mp-1198103,-0.457712806,1.8225,
404469,Cu4 Te4.24 S3.76 Cl4,0,-1,-1,-1,-1,,,,
14358,Cu2 H40 S4 N4 O28,5,-1,20,1,3,mp-722275,-1.36492668,0.4314,
432661,Cu32 Sn8 S32,0,-1,21,0,1,,,,
415490,Tb4 Cu4 S8,0,16,17,0,10,mp-5737,-1.709965044,1.5108,
55324,Zn1.0492 Fe2.6068 Cu0.344 S4 O44,4,14,14,1,3,,,,
97704,Cu16 S4 O40,0,13,14,1,3,mp-1198566,-1.01134421,0,
408530,Cu4 H24 C12 S4 Br12 N12,-1,-1,-1,3,-1,,,,
171299,K4 Cu2 H24 Se2.9752 S1.024 O28,3,12,15,1,3,,,,
85627,Cs8 Cu8 P8 S24,0,-1,-1,0,-1,mp-1198842,-0.974436459,2.1498,
428911,Eu4 Cu2 H8 S4 O24,-1,17,22,6,12,mp-1194919,-2.141775283,0,
280384,Cu2 H40 S4 N4 O28,5,18,20,1,3,mp-722275,-1.36492668,0.4314,
62992,Cu2 H40 S4 N4 O28,5,18,20,1,3,mp-722275,-1.36492668,0.4314,
171306,K4 Cu2 H24 Se3.0032 S0.996 O28,3,12,15,1,3,,,,
55325,Fe2.44 Cu1.56 S4 O44,4,14,14,1,3,,,,
264534,Mg2 Cu2 S4 O16,0,19,14,1,3,,,,
63071,Cu4 H28 C12 S4 N12 O16,-1,-1,-1,-1,-1,mp-705524,-0.539197503,0.0337,
171296,K4 Cu2 H24 Se3.3216 S0.68 O28.0,3,12,15,1,3,,,,
73451,Cu2 S4 N4 O28,6,14,14,1,3,,,,
85626,K8 Cu4 P12 S36,-1,-1,-1,-1,-1,mp-559644,-0.938265999,1.929,
628237,La4 Cu4 S8,0,-1,-1,0,-1,mp-4841,-1.798282323,1.2345,
15177,Fe4 Cu2 S8 O44,-1,-1,14,1,3,,,,
81678,Na8 Cu4 Sb4 S12,0,-1,-1,0,1,mp-555871,-0.969689725,1.6015,
85628,K12 Cu4 P8 S28,-1,-1,-1,-1,-1,mp-558415,-1.10646723,2.2349,
428910,Sm4 Cu2 H8 S4 O24,-1,17,22,6,12,,,,
171310,K4 Cu2 H24 Se1.28 S2.7184 O28,3,12,15,1,3,,,,
15220,Cu8 C12 S12 N24,7,-1,13,5,8,,,,
171321,K4 Cu2 H24 Se0.892 S3.1088 O28,3,12,15,1,3,,,,
55327,Zn0.866 Fe2.234 Cu0.9 S4 O44,4,14,14,1,3,,,,
628521,Nd4 Cu4 S8,0,-1,17,0,10,mp-10495,-1.708606861,1.3936,
433749,Al4 Cu4 Ge16 S40,-1,-1,-1,-1,-1,,,,
201523,Cu2 H40 S4 N4 O28,5,18,20,1,3,mp-722275,-1.36492668,0.4314,
171293,K4 Cu2 H24 Se3.3464 S0.652 O28,3,12,15,1,3,,,,
55322,Zn0.0996 Fe3.0704 Cu0.83 S4 O44,4,14,14,1,3,,,,
253300,Na4 Cu2 Se0.4 S3.6 O20,0,14,14,1,3,,,,
248950,Cu8 P4 C8 S4 O52,-1,-1,-1,1,3,,,,
188028,Cu8 Te4 Pb3.992 S2 O34,-1,-1,-1,1,-1,,,,
18177,Cu2 S4 N4 O28,6,14,14,1,3,,,,
2918,Tl4 Cu2 H24 S4 O28,-1,15,-1,1,3,mp-24196,-1.534678337,0.811,
171301,K4 Cu2 H24 Se2.986 S1.016 O28.0,3,12,15,1,3,,,,
36236,Na4 Cu2 S4 O20,0,-1,14,1,3,,,,
88012,La4 Cu4 Te4 S4,0,-1,-1,0,-1,mp-10288,-1.496453547,0.5769,
76003,Na4 Cu2 S4 O20,0,-1,14,1,3,,,,
171309,K4 Cu2 H24 Se1.26 S2.7408 O28.0,3,12,15,1,3,,,,
171312,K4 Cu2 H24 Se1.268 S2.7328 O28,3,12,15,1,3,,,,
201524,Cu2 H40 S4 N4 O28,5,18,20,1,3,mp-722275,-1.36492668,0.4314,
171319,K4 Cu2 H24 Se0.844 S3.156 O28,3,-1,15,1,3,,,,
55328,Zn1.6632 Fe1.93 Cu0.406 S4 O44,4,14,14,1,3,,,,
200402,Zn5.2 Cu4.8 H36 S4 O40,-1,-1,-1,1,3,,,,
260597,Cu4 H32 S12 O40,-1,-1,-1,1,3,mp-1201234,-1.424481764,0.8481,
50666,Cu32 Ge8 S32,0,-1,21,0,1,mp-565590,-0.523053783,0.1337,
201625,Zn2 Cu4 H8 S4 O16,0,-1,-1,-1,-1,mp-1204474,-1.420151752,3.0514,
259686,Mg0.5 Zn0.86 Cu2.62 S4 O16,0,19,14,1,3,,,,
248949,Na4 Cu4 P4 H32 C8 S4 O32,-1,-1,-1,-1,-1,,,,
15434,Na4 Cu2 S4 O20,0,-1,14,1,3,,,,
415079,Nd4 Cu4 S8,0,16,17,0,10,mp-10495,-1.708606861,1.3936,
110613,Cu4 W4 C32 S12 N8 Cl4 O4,8,-1,-1,-1,-1,,,,
171305,K4 Cu2 H24 Se3.0036 S0.996 O28,3,-1,15,1,3,,,,
171298,K4 Cu2 H24 Se3.36 S0.64 O28,3,12,15,1,3,,,,
74060,Cu2 H40 S4 N4 O28,5,18,20,1,3,mp-722275,-1.36492668,0.4314,
253302,Na4 Cu2 Se0.6 S3.4 O20,0,14,14,1,3,,,,
62991,Cu2 H40 S4 N4 O28,5,18,20,1,3,mp-722275,-1.36492668,0.4314,
171318,K4 Cu2 H24 Se0.84 S3.1592 O28,3,12,15,1,3,,,,
171285,K4 Cu2 H24 S4 O28,3,15,16,1,3,mp-24038,-1.668744184,0.5616,
55321,Fe3.6 Cu0.4 S4 O44,4,14,14,1,3,,,,
404468,Cu4 Te4.308 S3.692 Br4,0,-1,-1,-1,-1,,,,
33515,Cu4 S16 Br4 N16,-1,-1,-1,-1,-1,mp-557980,-0.057174566,0.8707,
2924,Rb4 Cu2 H24 S4 O28,3,15,16,1,3,mp-24197,-1.668648432,0.6004,
415483,K8 Cu4 Sb4 S12,0,-1,-1,0,-1,mp-554343,-1.031232517,1.2713,
171292,K4 Cu2 H24 Se3.3268 S0.672 O28,3,12,15,1,3,,,,
281184,Cu4 H4 C4 S4 O20,-1,-1,-1,-1,-1,,,,
10065,Cu2 S4 N8 O12,-1,-1,14,1,-1,mp-1193070,0.189042331,0.1027,
81460,Cu2 S4 N4 O28,6,14,14,1,3,,,,
81463,K4 Cu2 H24 S4 O28,3,15,16,1,3,mp-24038,-1.668744184,0.5616,
253297,Na4 Cu2 S4 O20,0,14,14,1,3,,,,
249345,Cs4 Cu2 H24 S4 O28,3,15,16,1,3,mp-542944,-1.667915722,0.6662,
74901,Cu24 Sb8 S24,0,6,9,0,1,mp-554272,-0.470477638,0.8347,
430475,Rb4 Cu8 As4 S12,0,-1,-1,0,-1,,,,
189267,Cu2 H40 S4 N4 O28,5,18,20,1,3,mp-722275,-1.36492668,0.4314,
55323,Fe3.04 Cu0.96 S4 O44,4,14,14,1,3,,,,
163307,K1.36 Nb8 Cu2 P4 S40,-1,-1,-1,-1,-1,,,,
171297,K4 Cu2 H24 Se3.2876 S0.712 O28,3,12,15,1,3,,,,
92290,Y8 Cu4 H20 S8 O48 F4,-1,-1,-1,1,-1,,,,
2926,Cs4 Cu2 H24 S4 O28,3,-1,16,1,3,mp-720876,-1.595733103,0.8266,
171320,K4 Cu2 H24 Se0.888 S3.1136 O28.0,3,12,15,1,3,,,,
171313,K4 Cu2 H24 Se1.296 S2.7048 O28,3,12,15,1,3,,,,
428913,Tb4 Cu2 H8 S4 O24,-1,17,22,6,12,mp-1195153,-2.301192595,0.5538,
171314,K4 Cu2 H24 Se1.26 S2.738 O28.0,3,12,15,1,3,,,,
171295,K4 Cu2 H24 Se3.3236 S0.676 O28.0,3,12,15,1,3,,,,
162317,K4 Cu2 H24 S4 O28,3,15,16,1,3,mp-24038,-1.668744184,0.5616,
171307,K4 Cu2 H24 Se1.236 S2.7656 O28,3,12,15,1,3,,,,
171308,K4 Cu2 H24 Se1.256 S2.746 O28,3,12,15,1,3,,,,
23098,K8 Cu4 S8 O40,0,-1,-1,1,13,mp-1203158,-1.630621651,0.1028,
171287,K4 Cu2 H24 S4 O28,3,15,16,1,3,mp-24038,-1.668744184,0.5616,
171322,K4 Cu2 H24 Se0.86 S3.1412 O28,3,12,15,1,3,,,,
171316,K4 Cu2 H24 Se0.856 S3.1428 O28,3,12,15,1,3,,,,
238191,Rb8 Cu8 Sb8 S20,0,-1,-1,0,-1,mp-1195291,-0.870772781,1.1975,
55326,Zn1.2968 Fe2.4236 Cu0.2796 S4 O44,4,14,14,1,3,,,,
240926,Na4 Cu2 H24 S4 O28,3,15,16,1,3,,,,
262251,Cu4 As28 P4 S28 Cl4,-1,-1,19,0,11,mp-1203697,-0.509114857,1.8362,
171294,K4 Cu2 H24 Se3.364 S0.636 O28,3,-1,15,1,3,,,,
55330,Zn2.464 Fe1.3768 Cu0.1588 S4 O44,4,14,14,1,3,,,,
411792,Cu2 As4 S8 O16 F24,-1,-1,-1,-1,-1,mp-556926,-2.102571565,0.7371,
5024,Mg0.28 Mn0.04 Zn0.24 Cu3.44 S4 O44,-1,14,14,1,3,,,,
157069,Cu12 S2 O30,0,-1,-1,1,3,,,,
428914,Dy4 Cu2 S4 O24,-1,-1,-1,6,12,mp-1195739,-2.213169213,0.2964,
1915,Na4 Cu2 H8 S4 O20,-1,-1,18,1,3,mp-721317,-1.821112692,0.769,
195339,Tl4 Cu4 P4 S12,0,-1,-1,0,-1,,,,
171300,K4 Cu2 H24 Se2.9672 S1.032 O28,3,12,15,1,3,,,,
172625,Mg2.732 Cu1.268 S4 O44,-1,14,14,1,3,,,,
110078,Cu6 Mo2 C24 S28 N6,8,-1,-1,-1,-1,,,,
74894,Cu4 Pt8 S16,0,-1,23,0,1,mp-28888,-0.703124872,0.242,
54874,Cu2 H40 C8 S4 N16 O16,-1,-1,-1,3,-1,,,,
244719,K4 Cu4 Ge2 S8,0,20,-1,0,1,,,,
55312,Cu8 Ag1.416 Bi12.584 S24,0,21,5,0,1,,,,
86470,Cu5.852 Bi9.588 S18,0,-1,-1,-1,-1,,,,
192295,Cu3.12 Ag1.24 Bi10.76 S18,11,-1,-1,-1,-1,,,,
38364,Cu10.44 Bi12.57 S24,0,-1,-1,-1,-1,,,,
15230,Cu2 Bi10 S16,1,-1,-1,0,1,,,,
69455,Cu2.16 Ag0.4 Bi12 S18,1,-1,24,0,14,,,,
1842,Cu8 Bi10 S20,0,21,5,0,1,mp-27124,-0.625784497,0,
195764,Sr4 U2 Cu4 S10,0,25,25,0,1,mp-1078269,-1.677227514,0.0021,
409646,Rb4 Cu12 S8,0,22,-1,0,15,mp-10985,-0.669018097,0.472,43
170686,Cu13.084 Bi8 S13.52 I10.5,0,-1,-1,-1,-1,,,,
23663,Cu6.416 Bi9.584 S18,0,-1,-1,0,-1,,,,
93685,Rb4 Gd8 Cu8 S18,0,23,26,0,1,,,,
55313,Cu15.6 Ag0.84 Bi23.16 S44,0,-1,5,0,1,,,,
425437,Ba4 Th2 Cu4 S10,0,25,25,0,1,mp-1078630,-1.886280174,0.9541,
30777,Cu4 Bi16 Pb6 Se5.6 S26.4,-1,-1,27,0,1,,,,
65436,Cu4 Ag2 S4 O20,0,24,-1,1,3,,,,
420913,Cu8.874 Bi9.0796 S16 Cl8,0,-1,-1,-1,-1,,,,
26317,K2 Cu4 S4 O20,0,24,28,1,3,,,,
174620,V4.62 Cu1.38 S8,0,-1,-1,-1,-1,,,,
79536,Na4 Zr2 Cu4 S8,0,-1,-1,0,10,mp-556536,-1.32177105,0.0068,45
61513,Cu8 S4 O20,0,-1,-1,1,49,mp-4386,-1.440111374,0,
36351,Cu4 Ag4 C12 S12 N28,7,-1,13,5,8,,,,
64709,Cu8 Bi14 S24,0,21,5,0,1,mp-541149,-0.610542044,0,
97562,K4 Dy8 Cu8 S18,0,23,26,0,1,mp-1105938,-1.735284691,0.9532,
169962,Cu1.12 Ag2.1 Bi14.38 Pb0.9 S22,1,-1,24,0,14,,,,
100001,K4 Cu12 S8,0,22,-1,0,15,mp-9868,-0.682775256,0.478,
259056,Cu8 Ag4 Bi20 Pb4 S38,0,-1,5,0,1,,,,
73265,Na2 Cu4 H6 S4 O20,10,26,29,1,3,,,,
76615,Zn1 Cu3 As2.468 Pb2 S1.532 O20,-1,24,-1,1,3,,,,
160421,Cu8 Ag2.08 Bi17.92 Pb4 S36,0,-1,5,0,1,,,,
185802,Cu8 Ag3.242 Bi18.758 Pb4 S38,0,-1,5,0,1,,,,
237306,Ba8 Na4 Cu12 S20,0,-1,-1,-1,-1,mp-1191092,-1.294928989,1.0356,
418464,Ba4 U2 Cu4 S10,0,25,25,0,1,mp-555358,-1.70093819,0,
41752,Cu1 Ag4.6 Bi13.6 Pb0.8 S24,11,-1,5,0,1,,,,
62418,Rb2 Cu4 S4 O20,0,24,28,1,3,,,,
10054,K6 Cu16 S12,0,-1,-1,0,15,mp-17174,-0.726988918,0,
97563,K4 Ho8 Cu8 S18,0,23,26,0,1,mp-1172870,-1.735605079,0.8998,
10055,Rb6 Cu16 S12,0,-1,-1,0,15,mp-562230,-0.715182704,0,
55314,Cu17 Bi23.5 S44,0,-1,-1,-1,-1,,,,
23290,Tl4 Cu12 S8,0,22,-1,0,15,mp-13829,-0.432620603,0.4534,43
411110,Cu4 Bi16 Pb12 S38,9,-1,27,0,1,mp-1204427,-0.746103735,0.348,
65784,K2 Cu4 H6 S4 O20,10,26,29,1,3,,,,
28439,Cu2 C4 S4 N12,7,-1,13,5,8,,,,
420914,Cu8.948 Bi9.0624 S16 Cl8,0,-1,-1,-1,-1,,,,
79141,Cu4 Si4 Pb14 S8 O52,-1,-1,14,1,3,mp-1200668,-1.977518067,0.4369,
421681,Cu2.96 Bi5.2912 S6.844 Br5.156,0,-1,-1,-1,-1,,,,
628460,Na8 Cu16 S12,0,-1,30,0,15,mp-17625,-0.722336695,1.00E-04,
69454,Cu0.96 Ag1.2 Bi12 S18,1,-1,24,0,14,,,,
160420,Cu2.124 Ag1.36 Bi11.2 S18,11,-1,24,0,14,,,,
55302,Fe1.16 Cu6.84 Bi10 S20,0,-1,5,0,1,,,,
86469,Cu3.536 Bi9.14 S16,11,-1,-1,-1,-1,,,,
62414,Na2 Cu4 S4 O20,0,24,28,1,3,mp-1103905,-1.557040358,0.0109,
100829,Na8 Cu16 S12,0,-1,30,0,15,mp-17625,-0.722336695,1.00E-04,
24462,Cu16 Bi20 Pb4 S44,0,21,5,0,1,mp-672295,-0.629530139,0,
291008,Mn2.2 Cd0.04 Fe1.3 Cu0.18 Bi8 Pb0.28 S16,-1,-1,-1,0,1,,,,
170865,K4 Th2 Cu4 S8,0,-1,-1,0,10,mp-555425,-1.517028764,1.1978,
259055,Cu8 Ag3 Bi20 Pb4 S40,0,-1,5,0,1,,,,
628946,V4 Cu2 S8,0,-1,-1,-1,-1,,,,
8429,U8 Mn0.98 Zn0.12 Cu0.18 P0.04 S3.96 N4 O44,-1,-1,-1,1,3,,,,
36385,Mn3.384 Cu0.96 P4 S12,-1,-1,-1,-1,-1,,,,
30992,Al2 Cu8 Sb2 Pb12 S4 Cl8 O52,-1,-1,-1,-1,-1,mp-1202327,-1.286927165,0.0185,
8756,Cu0.66 Ag3.34 Bi12 S20,11,-1,-1,0,14,,,,
53315,Nb8 Cu0.88 Pd2.98 S20,-1,-1,-1,-1,-1,,,,
73266,Rb2 Cu4 H6 S4 O20,10,26,29,1,3,,,,
62416,K2 Cu4 H4 S4 O20,-1,-1,-1,1,3,mp-1178150,-1.679569304,0.0139,
2896,Tl2 Cu1 S2 O6,-1,-1,-1,-1,-1,mp-548609,-1.514331661,0.1169,
69458,Cu0.88 Ag3.52 Bi14.0 Pb3.6 S26,-1,-1,-1,-1,-1,,,,
95489,Cu2 As2 Pb4 S2 O18,-1,-1,14,1,3,,,,
161177,Na6 Co4 Cu2 H16 S8 O34,-1,-1,18,1,3,,,,
239168,Na4 Cu10 Te2 S6 O38,0,13,-1,1,3,mp-1194986,-1.525433314,0,
63260,Cu12 Ag2 Bi24 Pb2 S44,0,-1,5,0,1,mp-651706,-0.628653925,0,
166916,Na6 Mn4 Cu2 H20 S8 O34,-1,-1,-1,1,3,,,,
76613,Cu2 P2 Pb4 S2 O18,-1,-1,14,1,3,mp-1193692,-1.952910417,1.1116,
156651,Cu14.64 Bi22.68 Pb2.68 S44,0,-1,5,0,1,,,,
41429,Cu2 Bi14 Pb6 Se8.0 S20,-1,-1,27,0,1,,,,
36581,Tl2 Cu2 H2 S2 O10,-1,14,-1,1,3,mp-690725,-1.571314585,0.3313,
239167,K4 Cu10 Te2 S6 O38,0,13,-1,1,3,mp-1194684,-1.54015656,0.0751,
156649,Cu6 Ag4 Bi14 Pb6 S32,0,-1,5,0,1,mp-1196623,-0.676370917,0.3064,
15915,Cu2 Pb2 S2 O12,0,-1,14,1,3,,,,
171348,In17 Cu1 Pb8 S34,-1,-1,-1,0,-1,,,,
38211,Cu2 Pb2 S2 O12,0,-1,14,1,3,mp-1181649,-1.256912329,0,
68173,Cu2 Pb2 S2 O12,0,-1,14,1,3,,,,
161178,Na6 Zn4 Cu2 H16 S8 O34,-1,-1,18,1,3,,,,
12367,Sr2 Cu2 Sb2 S4 O2,0,-1,-1,0,-1,,,,
100526,V4 Cu2.596 S8,0,-1,-1,0,16,,,,
164673,Cu2 H4 Pb2 S2 O12,-1,-1,-1,1,3,mp-1191652,-1.634520091,0.2583,
156650,Cu14.18 Ag0.4 Bi22.68 Pb2.74 S44,0,-1,5,0,1,,,,
54147,Cd2 Cu8 H28 S4 O36,12,18,31,1,3,mp-1201664,-1.42343397,0,
257119,Cs8 Cu6 Bi18 S34,-1,-1,-1,0,1,,,,
182701,Cu3.788 H8 Pb3.868 Se1.7 S2.3 O22,-1,-1,-1,1,-1,,,,
100630,Fe2 Cu2 H8 S4 O26,-1,-1,-1,1,3,mp-1203139,-1.220133296,0.0105,
419755,Cu4 As8 S6 Cl4,0,-1,-1,0,11,mp-560845,-0.552357403,1.5026,
628554,Cu2 Si1 Ni1 S4,0,-1,-1,-1,-1,mp-1078922,-0.483959046,0,
73064,Na14 Cu24 S20,0,-1,30,0,15,mp-28807,-0.784482073,0,
412976,Na25 Cu5 S5 O26,-1,-1,-1,-1,-1,,,,
85138,Cu8 Ge4 S12,0,0,0,0,0,mp-15252,-0.651605337,0.3743,72
155130,Si4 Cu7.92 Ag0.08 S12,0,-1,-1,0,-1,,,,
107606,Cu8 Sn4 S12,0,0,0,0,0,mp-10519,-0.660753777,0.0407,66
258981,Cu8 Sn4 S12,0,0,0,0,0,,,,
88235,Cu8 Si4 S12,0,0,0,0,0,mp-15895,-0.771382961,1.6051,79
5153,Cu4 As4 Pt4 S8,0,29,23,0,1,mp-1078511,-0.640760712,0,
157375,In8 Cu8 Si4 S24,0,-1,-1,0,1,mp-558055,-0.839352714,0.4584,
34679,Cu4 H24 S4 O28,-1,15,-1,1,3,mp-707170,-1.489555379,0.8113,
166102,Cu4 H24 S4 O28,-1,15,-1,1,3,mp-1192826,-1.49057524,0.8018,
628848,Cu20 Si8 S28,0,0,0,0,0,mp-510418,-0.764321091,0,
89450,Cu24 P4 S20 Br4,0,-1,-1,0,-1,mp-554627,-0.48903103,1.1004,
79219,In4 Cu3.9 P8 S24,-1,11,-1,0,9,,,,
100053,V8 Cu6 S16,0,-1,-1,0,-1,mp-29211,-1.064826357,0,
427358,Er6 Tl4 Cu10 S16,0,-1,-1,0,1,mp-1189719,-1.323664975,1.2917,
154598,Er6.66 Cu2 Pb3 S14,-1,27,-1,0,1,,,,
154597,Ho6.66 Cu2 Pb3 S14,-1,-1,-1,0,1,,,,
152671,Y6.66 Cu2 Pb3 S14,-1,27,-1,0,1,,,,
154599,Lu6.66 Cu2 Pb3 S14,-1,27,-1,0,1,,,,
30724,Cu8 H20 S2 O24,-1,-1,-1,1,-1,mp-707201,-1.269601936,0,
236248,Zn2 Cu4 Si2 S8,0,0,0,0,0,mp-1189702,-0.8827335,1.61,
74024,Cr4 Cu4 P8 S24,0,-1,-1,0,-1,,,,
40091,Cu8 S2 O24,0,28,14,1,3,,,,
243554,Li2.952 Zn2 Cu1.048 Sn2 S8,-1,0,-1,0,0,,,,
100276,Cu8 H14 S2 O22,-1,-1,-1,1,-1,mp-698171,-1.106059323,0.195,
201837,Cu8 S2 O24,0,28,14,1,3,,,,
100778,Cu8 Si4 Ni2 S14,0,0,0,0,0,mp-557274,-0.75389464,0,
72655,V2 Cu2 P4 S12,0,11,-1,0,9,,,,
63697,V2 Cu2.004 P4 S12,0,-1,-1,7,-1,,,,
627755,Cu8 Ni2 Ge4 S14,0,0,0,0,0,,,,
406210,Ta4 Tl6 Cu6 S16,-1,10,-1,0,1,mp-554994,-0.9930653,1.9486,
82755,Fe0.28 Co0.52 Cu2.12 Ni1.08 S8,0,29,32,0,1,,,,
82754,Fe0.44 Co0.24 Cu2.72 Ni0.6 S8,0,29,32,0,1,,,,
238193,Rb16 Cu12 As16 S38,0,-1,-1,0,-1,mp-1194809,-0.881788136,1.2763,
430476,Rb2 Cu8 As2 S8,0,-1,-1,0,1,,,,
420017,K2 Cu8 As2 S8,0,-1,-1,0,1,mp-557728,-0.638638601,1.322,
240682,Cu14 H18 S8 N8,0,-1,-1,27,-1,,,,
258942,Cu2 H28 C8 S4 N4 Cl8,-1,-1,-1,-1,-1,,,,
34448,Cu2 H20 S2 O18,13,15,33,1,3,mp-655377,-1.176604192,0,
249908,Cu13 H24 C11 S8 Br2 N3,0,-1,-1,27,-1,,,,
432820,Cu2 B2 H2 S6 O24,0,-1,-1,1,3,,,,
238192,Cs4 Cu4 Sb4 S10,0,-1,-1,0,-1,mp-1190579,-0.878566263,1.1041,
247947,Cu5 H14 S2 O18,12,-1,31,1,3,,,,
172627,Mg0.9 Cu1.1 S2 O18,-1,14,14,1,3,,,,
194358,Yb2 Cu1 Te2 S2 O14,14,-1,-1,1,3,mp-1190117,-2.130462675,0,
99788,Tl2 Cu1.3 Ag0.7 As4 Pb2 S10,-1,-1,-1,0,-1,,,,
65134,Cu2 Se1.26 S0.74 O18,0,-1,-1,1,-1,,,,
194351,Eu2 Cu1 Te2 S2 O14,14,30,34,1,3,,,,
20658,Cu2 H20 S2 O18,13,15,33,1,3,mp-655377,-1.176604192,0,
194359,Lu2 Cu1 Te2 S2 O14,14,-1,-1,1,3,mp-1190203,-2.373613624,0.6429,
41337,Cs4 Cu4 S24,-1,-1,-1,0,6,mp-1199244,-0.815943951,1.0912,
170056,Cu1 H38 C12 S8 O14,-1,-1,-1,1,17,mp-1201449,-0.727043936,0.7599,
194452,Cu1 H24 Au2 C12 S4 Br4 N4 O4,-1,-1,-1,1,17,,,,
230725,Li4 Cu4 S4 O18,-1,-1,-1,1,-1,,,,
432024,K6 Al1.688 Fe0.312 Cu6 S8 O36,0,-1,-1,1,-1,,,,
1442,Cu2 H18 C2 S2 N8 Cl6 O2,-1,-1,-1,3,-1,mp-706528,-0.385644536,1.4969,
17071,U2 Cu1 S2 O22,-1,-1,-1,1,3,,,,
60059,Cu2 H20 S2 O18,13,15,33,1,3,mp-655377,-1.176604192,0,
290248,U4 Cu3 S2 O34,-1,-1,-1,1,3,,,,
68184,Cu2 H4 S2 O10,-1,-1,29,1,3,mp-24522,-1.556990961,0,
194355,Ho2 Cu1 Te2 S2 O14,14,30,34,1,3,,,,
79164,Cu2 S2 O10,0,19,14,1,3,,,,
173724,Cu2 H48 C18 S6 I2 N12,-1,-1,-1,3,18,,,,
432821,Cu1 B2 S4 O16,0,-1,-1,1,3,,,,
243538,Cu7 Te2 H6 S2 O20.0,-1,-1,-1,-1,-1,,,,
110203,Cu4 H36 C16 S16 N4,-1,-1,-1,3,18,mp-738675,-0.28653673,0.0192,
269410,Cu1 H36 Pt1 C16 S6 Br2 N4 O6,-1,-1,-1,1,17,,,,
191094,K4 Cu8 Bi4 S12,0,31,3,0,1,mp-1194436,-0.763412657,0.6691,
253299,Na2 Cu1 Se0.1 S1.9 O10,0,32,14,1,3,,,,
81714,Cs4 Cu4 Se17.608 S6.392,-1,-1,-1,0,-1,,,,
259152,Cu8 Se2 S2 O26,-1,-1,14,1,3,,,,
63254,Cu1 Pb4 S2 O14,-1,14,14,1,3,mp-1192134,-1.437501024,0,
194350,Sm2 Cu1 Te2 S2 O14,14,30,34,1,3,,,,
253301,Na2 Cu1 Se0.2 S1.8 O10,0,32,14,1,3,,,,
65201,Cu7 Te2 S2 O20,-1,-1,-1,-1,-1,,,,
75429,K4 Cu8 As4 S12,0,31,3,0,1,mp-554421,-0.746053124,1.1725,
156632,Tl12 Cu12.74 Ag5.26 Sb0.9 As17.1 S42,0,-1,-1,0,-1,,,,
253307,Na2 Cu1 Se1 S1 O10,0,32,14,1,3,,,,
253313,Na2 Cu1 P0.1 S1.9 O9.9 F0.1,0,32,14,1,3,,,,
430627,K4 Cu8 Sb4 S12,0,31,3,0,1,mp-1192531,-0.768719616,0.9664,
8225,Al1 Cu1 H28 S2 Cl1 O22,-1,-1,20,1,3,mp-706670,-1.556665191,0.8267,
428356,Cu1 Sb6 S2 O16,-1,-1,-1,1,-1,mp-1190199,-1.815323481,0.4698,
248948,Cu3 P2 C4 S2 O16,-1,-1,-1,1,-1,,,,
194348,Y2 Cu1 Te2 S2 O14,14,30,34,1,3,,,,
31830,Cu2 S2 O18,0,14,14,1,3,,,,
253305,Na2 Cu1 Se0.5 S1.5 O10,0,32,14,1,3,,,,
253314,Na2 Cu1 P0.2 S1.8 O9.8 F0.2,0,32,14,1,3,,,,
20657,Cu2 H20 S2 O18,13,15,33,1,3,mp-655377,-1.176604192,0,
380382,Cu1 H6 Pb4 S2 O14,-1,-1,-1,1,3,,,,
194354,Dy2 Cu1 Te2 S2 O14,14,30,34,1,3,,,,
196306,Cu2 H20 S2 O18,13,-1,-1,1,3,,,,
253303,Na2 Cu1 Se0.3 S1.7 O10,0,32,14,1,3,,,,
166101,Cu2 H4 S2 O10,-1,-1,29,1,3,mp-24522,-1.556990961,0,
194353,Tb2 Cu1 Te2 S2 O14,14,30,34,1,3,,,,
79687,Cu5 S2 O18,0,28,14,1,3,,,,
8251,Cu1.84 Mo6 S8,15,-1,-1,-1,-1,,,,
172335,Cu1 C2 S2 O6 F6,-1,-1,-1,1,3,mp-555656,-1.780404364,0.2534,
151007,Cu1 C4 S4 N2 O12,-1,-1,-1,1,3,,,,
404835,Zn3 Cu2 H14 S2 O18,12,18,31,1,3,mp-1204058,-1.527451401,0,
253315,Na2 Cu1 P0.3 S1.7 O9.7 F0.3,0,32,14,1,3,,,,
97295,Fe1.46 Cu0.54 S2 O18,4,14,14,1,3,,,,
96415,La4 Mn1 Cu6 S10,0,-1,-1,0,10,mp-560796,-1.509611038,1.1381,
194356,Er2 Cu1 Te2 S2 O14,14,30,34,1,3,,,,
78664,Mg0.98 Cu1.02 S2 O10,0,19,14,1,3,,,,
79163,Fe1.06 Cu0.94 S2 O10,0,19,14,1,3,,,,
172628,Mg0.8 Cu1.2 S2 O18,-1,14,14,1,3,,,,
194349,Nd2 Cu1 Te2 S2 O14,-1,30,34,1,3,,,,
166103,Cu2 H20 S2 O18,13,15,33,1,3,mp-655377,-1.176604192,0,
261887,Cu4 P16 S12 Br4,-1,-1,35,0,19,mp-1196166,-0.440995535,1.9243,
433152,Ti4 Cu4 P4 S20,0,-1,-1,0,-1,,,,
5076,Mg0.43 Al1.2 Cu0.32 H28 S2 Cl1 O22,-1,-1,20,1,3,,,,
194352,Gd2 Cu1 Te2 S2 O14,14,30,34,1,3,,,,
26804,Tl2 Cu2 As4 Pb2 S10,-1,-1,-1,-1,-1,,,,
194357,Tm2 Cu1 Te2 S2 O14,14,30,34,1,3,,,,
69427,Cu1.6 Bi4.8 S8,11,-1,-1,0,1,,,,
253306,Na2 Cu1 Se0.75 S1.25 O10,0,32,14,1,3,,,,
66660,Cu12 As8 S18,0,-1,36,0,1,mp-28717,-0.513969509,0.3527,
236895,Cu12 As8 S18,0,33,36,0,1,mp-28717,-0.513969509,0.3527,
156178,U8 S4,-1,-1,-1,-1,-1,,,,
5275,Fe6.4 Cu1.6 Rh16 S32,16,34,23,0,1,,,,
53109,Hf8 Cr8 Cu8 S32,0,34,23,0,1,,,,
41424,Cr1.6 Cu1.6 Sn14.4 S32,-1,34,23,0,1,,,,
625771,Cr16 Cu8 Se16 S16,-1,34,23,0,1,,,,
659111,Cr16 Cu8 S32,0,34,23,0,1,mp-22803,-0.772093563,0,
9980,Cr9.792 Cu8 Sn6.208 Se14.848 S17.152,0,34,23,0,1,,,,
120120,V16 Zn1.6 Cu6.4 S32,0,34,23,0,1,,,,
656170,Mn6.4 Cr16 Cu1.6 S32,0,34,23,0,1,,,,
600703,Cr16 Fe4 Cu4 S32,0,34,23,0,1,,,,
622455,Cr16 Co4 Cu4 S32,0,34,23,0,1,,,,
628060,In20 Cu4 S32,17,34,23,0,1,,,,
622571,Co16 Cu8 S32,0,34,23,0,1,mp-3925,-0.79876963,0,
41767,Cr8 Cu8 Sn8 Se19.2 S12.8,0,34,23,0,1,,,,
605027,In8 Cu4 Ag4 Sn8 S32,0,34,23,0,1,,,,
622564,Co16 Cu4 Ni4 S32,0,34,23,0,1,,,,
21933,Mg7.12 Zr16 Cu0.504 S32,18,35,37,8,20,,,,
41902,Cu8 Rh16 Se19.2 S12.8,0,34,23,0,1,,,,
157780,Cr16 Fe7.2 Cu0.8 S32,0,34,23,0,1,,,,
5276,Fe7.2 Cu0.8 Rh16 S32,16,34,23,0,1,,,,
156366,Cu16 Hg16 S8 F48,-1,-1,-1,-1,-1,mp-6820,-1.601856798,0,
10035,V16 Cu8 S32,0,34,23,0,1,mp-5178,-1.102941873,0,
186534,Ti11.84 Fe4.16 Cu8 S32,0,34,23,0,1,,,,
52944,Co12 Cu4 Sn8 S32,-1,34,23,0,1,,,,
52621,Al8 Cu8 Sn8 S32,0,34,23,0,1,,,,
426370,Ti13.6 Mn2.4 Cu8 S32,0,34,23,0,1,,,,
30061,Cr16 Ga4 Cu4 S32,0,34,23,0,1,,,,
622458,Cr16 Co4.4 Cu3.6 Se4 S28,0,34,23,0,1,,,,
35268,Ti8 V8 Cu8 S32,0,34,23,0,1,,,,
622462,Cr16 Co4.4 Cu3.6 Se6.4 S25.6,0,34,23,0,1,,,,
21931,Mg3.2 Zr16 Cu0.504 S32,-1,35,37,8,20,,,,
622451,Cr16 Fe2 Co4 Cu2 S32,0,34,23,0,1,,,,
164925,Cr16 In4 Cu4 S32,0,34,23,0,1,,,,
66723,Cr16 Cd7.6 Cu0.4 S32,19,34,23,0,1,,,,
35273,Al20 Cu4 S32,-1,34,23,0,1,,,,
56265,Co2.4 Cu8 Ir5.6 Pt8 S32,0,34,23,0,1,,,,
426374,Ti12 Co4 Cu8 S32,0,34,23,0,1,,,,
202756,Li7.4 Ti16 Cu0.3 S32,-1,35,-1,8,20,,,,
170227,Ti16 Cu8 S32,0,34,23,0,1,mp-3951,-1.530152325,0,
625795,Zr8 Cr8 Cu8 S32,0,34,23,0,1,,,,
161905,Ti8 Cr8 Cu8 S32,0,34,23,0,1,,,,
75531,Cu8 Ir16 S32,0,34,23,0,1,mp-15065,-0.75336575,0,
625719,Cr16 Fe4 Cu2 Ni2 S32,0,34,23,0,1,,,,
200551,In1.6 Cu1.6 Sn14.4 S32,-1,34,23,0,1,,,,
605026,In20 Cu2 Ag2 S32,17,34,23,0,1,,,,
41422,Cr8 Cu8 Sn8 S32,0,34,23,0,1,,,,
41766,Cr8 Cu8 Sn8 Se11.2 S20.8,0,34,23,0,1,,,,
186535,Zr12.32 Fe3.68 Cu8 S32,0,34,23,0,1,,,,
21935,Mg4.32 Zr16 Cu0.504 S32,-1,35,37,8,20,,,,
625726,Cr16 Fe4 Cu4 Se9.6 S22.4,-1,34,23,0,1,,,,
8215,Fe2 Cu4 Sn6 S16,0,34,23,0,1,,,,
426372,Ti12 Fe4 Cu8 S32,0,34,23,0,1,,,,
202882,Ti16 Cu0.3 S32,-1,34,23,0,1,,,,
66726,Cr16 Cd6.4 Cu1.6 S32,19,34,23,0,1,,,,
21937,Mg5.92 Zr16 Cu0.504 S32,-1,35,37,8,20,,,,
291003,Cr16 Cu8 S32,0,34,23,0,1,mp-22803,-0.772093563,0,
31107,Co16 Cu8 S32,0,34,23,0,1,mp-3925,-0.79876963,0,
625769,Cr16 Cu8 S32,0,34,23,0,1,mp-22803,-0.772093563,0,
95603,Cu7.072 Ni4 Sn12 S32,0,34,23,0,1,,,,
107613,Co8 Cu8 Ni8 S32,0,34,23,0,1,,,,
625742,Mn1.6 Cr16 Cu6.4 S32,0,34,23,0,1,,,,
628774,Cu8 Rh16 Se25.6 S6.4,-1,34,23,0,1,,,,
157781,Cr16 Fe6.4 Cu1.6 S32,0,34,23,0,1,,,,
606973,Al16 In4 Cu4 S32,-1,34,23,0,1,,,,
94011,Ti16 Cu5.216 S32,0,34,23,0,1,,,,
106946,Li6 In20.016 Cu4 S32,-1,35,-1,8,20,,,,
5272,Fe4.8 Cu3.2 Rh16 S32,16,34,23,0,1,,,,
69171,Li14.08 Ti16.4 Cu0.632 S32,-1,35,-1,8,20,,,,
41425,Cr4.8 Cu4.8 Sn11.2 S32,0,34,23,0,1,,,,
426373,Ti13.6 Co2.4 Cu8 S32,0,34,23,0,1,,,,
9934,Cr8.224 Cu8 Sn7.776 Se15.008 S16.992,0,34,23,0,1,,,,
625758,Cr16 Cu8 S32,0,34,23,0,1,mp-22803,-0.772093563,0,
628767,Cu8 Rh16 S32,0,34,23,0,1,mp-15613,-0.815887474,0,
156091,Ti12 Mn4 Cu8 S32,0,34,23,0,1,,,,
625773,Cr16 Cu8 Se19.2 S12.8,-1,34,23,0,1,,,,
622452,Cr16 Co4.4 Cu3.6 S32,0,34,23,0,1,,,,
21929,Zr16 Cu0.504 S32,-1,34,23,0,1,,,,
622460,Cr16 Co4.4 Cu3.6 Se8 S24,0,34,23,0,1,,,,
53291,In8 Cu8 Sn8 S32,0,34,23,0,1,,,,
259624,Ti12 Co4 Cu4.96 S32,0,34,23,0,1,,,,
5274,Fe5.6 Cu2.4 Rh16 S32,16,34,23,0,1,,,,
44609,Ti16 Cu8 S32,0,34,23,0,1,mp-3951,-1.530152325,0,
157783,Cr16 Fe4.8 Cu3.2 S32,0,34,23,0,1,,,,
157782,Cr16 Fe5.6 Cu2.4 S32,0,34,23,0,1,,,,
202757,Li15.504 Ti16 Cu0.304 S32,-1,-1,-1,-1,-1,,,,
259622,Ti12 Co4 Cu7.68 S32,0,34,23,0,1,,,,
607087,Al6.56 Cu6.56 Sn9.44 S32,-1,34,23,0,1,,,,
41427,Cr9.6 Cu8 Sn6.4 S32,0,34,23,0,1,,,,
52938,Cr16 Co4.4 Cu3.6 Se8 S24,0,34,23,0,1,,,,
5273,Fe5.2 Cu2.8 Rh16 S32,16,34,23,0,1,,,,
622572,Co20 Cu4 S32,0,34,23,0,1,,,,
41423,Ti9.6 Cr6.4 Cu6.4 S32,0,34,23,0,1,,,,
35272,In7 Cu7 Sn9 S32,0,34,23,0,1,,,,
64789,Fe12 Cu4 Sn8 S32,-1,34,23,0,1,,,,
21939,Mg6.88 Zr16 Cu0.504 S32,18,35,37,8,20,,,,
164924,Cr16 Ga4 Cu4 S32,0,34,23,0,1,,,,
625775,Cr16 Cu8 Te28 Se2.016 S1.984,-1,34,23,0,1,,,,
53319,Cu4 Ni10 Sn10 S32,0,34,23,0,1,,,,
52945,Co10 Cu4 Sn10 S32,-1,34,23,0,1,,,,
201856,Cr10.4 Cu8.8 Sn5.6 S31.2,0,35,-1,8,20,,,,
625792,V8 Cr8 Cu8 S32,0,34,23,0,1,,,,
21938,Mg7.6 Zr16 Cu0.504 S32,18,35,37,8,20,,,,
53260,Fe4 Cu4 Rh16 S32,16,34,23,0,1,,,,
66724,Cr16 Cd7.2 Cu0.8 S32,19,34,23,0,1,,,,
628770,Cu8 Rh16 Se3.2 S28.8,0,34,23,0,1,,,,
106945,Li4 In20 Cu4 S32,-1,35,-1,8,20,,,,
606762,Al8 Cr12 Cu4 S32,-1,34,23,0,1,,,,
9936,Cr10.8 Cu8 Sn5.2 Se14.4 S17.6,0,34,23,0,1,,,,
156092,Ti12 Cu8 Ni4 S32,0,34,23,0,1,,,,
68269,Li13.196 Zr16 Cu3.104 S32,-1,35,-1,8,20,,,,
53310,Mn10 Cu4 Sn10 S32,-1,34,23,0,1,,,,
35269,Ti16 Cu8 S32,0,34,23,0,1,mp-3951,-1.530152325,0,
625746,Cr16 Cu6 Ni2 S32,0,34,23,0,1,,,,
9979,Cr12.08 Cu8 Sn3.92 Se14.4 S17.6,0,34,23,0,1,,,,
53292,Zr10 In6 Cu6 S32,0,34,23,0,1,,,,
21936,Mg7.92 Zr16 Cu0.504 S32,18,35,37,8,20,,,,
190441,V16 Cu8 S32,0,34,23,0,1,,,,
35267,V16 Cu8 S32,0,34,23,0,1,mp-5178,-1.102941873,0,
41901,Cu8 Rh16 Se6.4 S25.6,0,34,23,0,1,,,,
625745,Cr16 Cu7.2 Ni0.8 S32,0,34,23,0,1,,,,
41426,Ti6.4 Cr9.6 Cu8 S32,0,34,23,0,1,,,,
622457,Cr16 Co5.6 Cu2.4 S32,0,34,23,0,1,,,,
51614,Fe2.88 Cu5.472 Sn13.12 S32,0,34,23,0,1,,,,
603549,Mn0.8 Cr16 Cu7.2 S32,0,34,23,0,1,,,,
21930,Mg2.4 Zr16 Cu0.504 S32,-1,35,37,8,20,,,,
27027,Zr16 Cu8 S32,0,34,23,0,1,mp-14025,-1.687687797,0,
11550,Mg3.99904 Cu8 Sn11.99904 S31.99808,0,34,23,0,1,,,,
103053,Mg12 Cu4 Sn8 S32,-1,34,23,0,1,,,,
53317,Cu4 Ni12 Sn8 S32,0,34,23,0,1,,,,
625772,Cr16 Cu8 Se9.6 S22.4,-1,34,23,0,1,,,,
53261,Fe8 Cu4 Rh12 S32,16,34,23,0,1,,,,
603544,Cr16 Cd0.8 Cu7.2 S32,0,34,23,0,1,,,,
93383,Cu8 Ni4 Sn12 S32,0,34,23,0,1,,,,
52937,Cr16 Co4.4 Cu3.6 Se12 S20,0,34,23,0,1,,,,
625725,Cr16 Fe4 Cu4 Se1.6 S30.4,0,34,23,0,1,,,,
603576,Mn5.6 Cr16 Cu2.4 S32,0,34,23,0,1,,,,
606764,Ti8 Al8 Cr4 Cu4 S32,-1,34,23,0,1,,,,
658625,Cr12 Cu8 Sb4 S32,0,34,23,0,1,,,,
52936,Cr16 Co4.4 Cu3.6 S32,0,34,23,0,1,,,,
426371,Ti13.6 Fe2.4 Cu8 S32,0,34,23,0,1,,,,
69170,Li8 Ti16.4 Cu0.648 S32,-1,35,-1,8,20,,,,
21940,Mg7.68 Zr16 Cu0.504 S32,18,35,37,8,20,,,,
64821,Fe10 Cu4 Sn10 S32,-1,34,23,0,1,,,,
622573,Co16.16 Cu7.84 S32,0,34,23,0,1,,,,
21932,Mg6.592 Zr16 Cu0.50496 S32,18,35,37,8,20,,,,
42057,Ti16 Cu7.44 S32,0,34,23,0,1,,,,
21928,Zr16 Cu7.6 S32,0,34,23,0,1,,,,
21941,Mg0.64 Zr16 Cu0.504 S32,-1,35,37,8,20,,,,
155116,Sc8.16 Cu4.32 Sn8.8 S32,-1,35,-1,8,20,,,,
56124,Co14.4 Cu7.2 Ni2.4 S32,0,34,23,0,1,,,,
628769,Cu8 Rh16 Se1.6 S30.4,0,34,23,0,1,,,,
602502,Cr16 Fe4 Cu4 Se16 S16,-1,34,23,0,1,,,,
164923,Al4 Cr16 Cu4 S32,0,34,23,0,1,,,,
628772,Cu8 Rh16 Se12.8 S19.2,0,34,23,0,1,,,,
52939,Cr16 Co4.4 Cu3.6 Se4 S28,0,34,23,0,1,,,,
53112,Cr16 Cu8 Se25.6 S6.4,-1,34,23,0,1,,,,
628057,In20.72 Cu1.88 S32,17,34,23,0,1,,,,
625770,Cr16 Cu8 Se9.6 S22.4,-1,34,23,0,1,,,,
93856,Fe4 Cu5.52 Si1.04 Sn12 S32,0,34,23,0,1,,,,
259623,Ti12 Co4 Cu5.28 S32,0,34,23,0,1,,,,
95602,Mn4 Cu7.384 Sn12 S32,0,34,23,0,1,,,,
20211,Cu7.2 S4,0,36,38,9,21,,,,
106569,Cu7.136 S4,0,36,38,9,21,,,,
628818,Cu8 S4,0,37,39,10,22,mp-12087,-0.262932268,0.0338,97
69756,Cu1.8 S1,0,36,38,9,21,,,,
166480,Cu7.2 S4,0,36,38,9,21,,,,
32113,Cu7.2 S4,0,36,38,9,21,,,,
57241,Cu7.192 S4,0,-1,-1,-1,-1,,,,
5047,Fe14.472 Cu19.224 Ag2.304 Se18.944 S13.056,0,-1,-1,-1,-1,,,,
53334,Cu7.2 Se2 S2,0,37,39,10,22,,,,
57214,Cu7.2 S4,0,-1,-1,-1,-1,,,,
41142,Cu7.2 S4,0,36,38,9,21,,,,
57213,Cu7.2 S4,0,36,38,9,21,,,,
57212,Cu7.2 S4,0,37,39,10,22,,,,
202785,Cu7.8 S4,0,-1,-1,-1,-1,,,,
30368,Cu24 Sb8 S32,0,-1,-1,0,-1,mp-649627,-0.07252561,0,
17073,Cu5.376 Bi0.552 S4,0,-1,-1,-1,-1,,,,
163984,Cu1.992 Ag5.976 S4,0,-1,-1,-1,-1,,,,
254284,Cu3 Rh34 S30,-1,-1,-1,-1,-1,,,,
5121,K0.03 Tl5.58 Fe18 Cu0.93 Ni6 S26.2 Cl0.8,-1,38,-1,11,23,,,,
409204,Eu6 Fe12.76 Cu12.24 S27,0,38,-1,11,23,,,,
200919,K6 Na0.81 Fe20.16 Cu3.84 S26 Cl1,-1,38,-1,11,23,,,,
81609,Ba5.4384 Fe11.9075 Cu13.0925 Pb0.5616 S27,0,-1,-1,-1,-1,,,,
84663,Ba6 Fe13.24 Cu11.76 S27,0,38,-1,11,23,,,,
166615,K6 Mg1 Fe19.992 Cu4.008 S26 Cl1,-1,38,-1,11,23,,,,
402744,Sr6 Fe8.2 Cu4.8 S27,-1,38,-1,11,23,,,,
198780,Dy9.996 Cu2.004 S16,-1,-1,-1,-1,-1,,,,
627170,Dy10.668 Cu0.588 S16,-1,-1,-1,-1,-1,,,,
258754,Fe8.0002 Cu21.9998 Ge4 S32,0,39,6,0,1,,,,
75298,V2 Cu26 Sn2.16 As3.84 S32,0,39,6,0,1,,,,
75299,V2 Cu23.88 As6 S32,0,39,6,0,1,,,,
427561,Cu12.008 Te6 S2,-1,-1,-1,-1,-1,,,,
96773,V2 Cu25.84 Sn1.8 Sb0.6 As3.6 S32,0,39,6,0,1,,,,
96771,V2.22 Cu25.1 As5.58 S32,0,40,6,0,1,,,,
610352,V2 Cu26 Sn1.998 As4.002 S32,0,39,6,0,1,,,,
64787,Fe4 Cu26 Ge4 S32,0,39,6,0,1,,,,
610353,V2 Cu26 As6 S32,0,39,6,0,1,mp-1202812,-0.605279644,0,
96772,V1.8 Cu25.34 Sn0.12 Ge1.2 Sb0.48 As4.2 S32,0,40,6,0,1,,,,
427562,Cu12.0 Te6 S2,-1,-1,-1,-1,-1,,,,
5090,V1.1 Fe2.88 Cu24.02 Sn3 Sb1.5 As1.5 S32,0,39,6,0,1,,,,
26780,Cu24 Sb1.2 As6.8 S26,0,41,40,0,24,,,,
182265,Cu24 As8 S26,0,42,41,12,25,,,,
182266,Cu24 As8 S26,0,-1,41,12,25,,,,
241811,Cu24 Sb8 S26,0,43,42,13,26,,,,
62115,Fe3.36 Cu12 Ag8.64 Sb8 S26,0,41,40,0,24,,,,
252395,Cu24 Sb8 S26,0,41,40,0,24,mp-647164,-0.51902982,0,59
39691,Zn3.72 Fe0.12 Cu19.8 Ag0.12 Sb7.76 S26,0,41,40,0,24,,,,
171029,Cu25.08 Sb0.16 As7.84 S26,0,42,41,12,25,,,,
201636,Fe2.88 Cu15.3564 Ag4.2396 Sb5.4 As2.6 S26,0,41,40,0,24,,,,
5048,Zn2.04 Cu21.24 Ag0.72 Sb2.64 As5.36 Se20.88 S5.12,0,41,40,0,24,,,,
150824,Cu21.264 Hg2.736 Sb6.64 As1.36 S26,0,41,40,0,24,,,,
23644,Cu21.12 Ag2.88 Sb8 S26,0,41,40,0,24,,,,
161347,Fe1.824 Cu22.176 Sb8 S26,0,43,42,13,26,,,,
291332,Cu21 Ni3 Sb8 S26,0,43,42,13,26,,,,
39692,Zn2.52 Fe1.68 Cu14.04 Ag5.76 Sb8 S25.94,0,41,40,0,24,,,,
241823,Cu24 Sb8 S26,0,-1,-1,-1,-1,,,,
24254,Fe17.594 Cu17.6012 S32,0,37,39,10,22,,,,
161346,Fe1.38 Cu22.62 Sb8 S26,0,43,42,13,26,,,,
161351,Fe1.716 Cu22.284 As8 S26,0,43,42,13,26,,,,
43939,V2 Cu24 Sn1.98 As4.02 S32,0,0,0,0,0,,,,
25707,Cu24 Sb8 S26,0,41,40,0,24,mp-647164,-0.51902982,0,59
195385,Cu24 Sb8 S26,0,41,40,0,24,mp-647164,-0.51902982,0,59
15242,Fe15.92 Cu18.32 S32,0,40,6,0,1,,,,
627351,Fe3.96 Cu20.04 Sb8 S26,0,41,40,0,24,,,,
193894,Mn2.88 Cu21.12 Sb8 S26,0,41,40,0,24,,,,
239289,Cu24 Sb8 Se6.2 S19.6,0,41,40,0,24,,,,
32054,Cu6 Pd26 S14,0,-1,-1,-1,-1,,,,
241800,Cu24 Sb8 S26,0,43,42,13,26,,,,
161353,Fe1.2 Cu22.8 Sb8 S26,0,43,42,13,26,,,,
41753,Cu22.8 Sb8 S26,0,41,40,0,24,,,,
161355,Fe3.6 Cu20.4 Sb8 S26,0,43,42,13,26,,,,
195123,Cs1.48 Tl0.12 Zn0.6 Cu1.08 Ag0.96 Hg9.36 Sb1.12 As6.88 S24,-1,44,43,14,27,,,,
161345,Fe0.564 Cu23.436 Sb8 S26,0,43,42,13,26,,,,
201160,Cs1.19 Tl0.608 Zn1.056 Fe0.06 Cu1.728 Hg8.448 Sb0.136 As7.864 S24,-1,44,43,14,27,,,,
42012,Tl0.12 Zn1.56 Cu1.92 Hg8.4 As11.98 S24,-1,-1,-1,-1,-1,,,,
195122,Cs1.58 Tl0.42 Zn0.72 Cu2.04 Ag0.12 Hg9.12 Sb0.08 As7.92 S24,-1,44,43,14,27,,,,
241827,Cu24 Sb8 S26,0,-1,-1,-1,-1,,,,
239290,Cu24 Sb8 Se5.92 S20.08,0,41,40,0,24,,,,
53332,Cu24 Sb8 S24,0,45,44,0,28,mp-647606,-0.45605115,0,
403462,Cu24 As8 S26,0,42,41,12,25,,,,
403459,Cu24.012 As8 S26,0,42,41,12,25,,,,
403460,Cu23.9952 As8 S26,0,42,41,12,25,,,,
195386,Cu24 Sb8 S26,0,43,42,13,26,,,,
41754,Cu22.44 Sb8 S26,0,-1,-1,-1,-1,,,,
403461,Cu23.988 As8 S26,0,42,41,12,25,,,,
166599,Cu22.2 Te5.904 As2.096 S25.7,0,41,40,0,24,,,,
193891,Mn2.88 Cu21.12 Sb8 S26,0,-1,-1,-1,-1,,,,
627926,Cu20.04 Hg3.96 Sb8 S26,0,41,40,0,24,,,,
39694,Zn1.2 Fe1.92 Cu8.88 Ag12 Sb8 S24.18,0,41,40,0,24,,,,
252394,Cu24 Sb8 Se1.7724 S24.2276,0,41,40,0,24,,,,
98795,Cu23.244 Hg0.396 Sb4.64 As3.36 S26,0,41,40,0,24,,,,
42671,Cu24 Sb7.9992 S24,0,-1,44,0,28,,,,
43969,Zn1.68 Cu1.92 Hg8.4 As14.02 S24,-1,-1,-1,-1,-1,,,,
403458,Cu24.0024 As8 S26,0,42,41,12,25,,,,
130173,Fe17.0816 Cu17.0816 S32,0,40,6,0,1,,,,
602043,Cu24 Sn4.02 W3.98 S32,0,0,0,0,0,,,,
39693,Zn2.88 Fe1.44 Cu12.6 Ag7.08 Sb8 S25.42,0,41,40,0,24,,,,
161350,Fe0.756 Cu23.244 As8 S26,0,43,42,13,26,,,,
196494,Fe2.04 Cu21.96 Sb8 S26,0,43,42,13,26,,,,
252393,Cu24 Sb8 Se1.9992 S24.0008,0,41,40,0,24,,,,
195124,Cs2 Zn1.68 Cu1.8 Ag0.36 Hg8.16 Sb0.32 As7.68 S24,-1,44,43,14,27,,,,
619766,Cd3.96 Cu20.04 Sb8 S26,0,41,40,0,24,,,,
31113,Cu24 Sb8 S24,0,-1,44,0,28,mp-647606,-0.45605115,0,
38361,Tl0.96 Cu2.88 Hg9.12 As8 S24,-1,44,43,14,27,,,,
628374,Mn3.96 Cu20.04 Sb8 S26,0,41,40,0,24,,,,
20771,Cu20.796 Hg3.204 Sb8 S24,0,45,44,0,28,,,,
185393,Cu22.56 Hg1.44 Sb2.128 As5.872 S26,0,41,40,0,24,,,,
628833,Zn3.96 Cu20.04 Sb8 S26,0,41,40,0,24,,,,
161359,Fe2.4 Cu21.6 As8 S26,0,43,42,13,26,,,,
291325,Cu23.16 Sb8 S25.68,0,41,40,0,24,,,,
98798,Cu21.42 Hg2.46 Sb5.6 As2.4 S26,0,41,40,0,24,,,,
33588,Cu24 As8 S24,0,45,44,0,28,mp-504884,-0.447923265,0,
161352,Fe3 Cu21 As8 S26,0,43,42,13,26,,,,
161358,Fe0.2004 Cu23.7996 As8 S26,0,43,42,13,26,,,,
161349,Fe0.66 Cu23.34 As8 S26,0,43,42,13,26,,,,
161348,Fe4.38 Cu19.62 Sb8 S26,0,43,42,13,26,,,,
26724,Cu24 As8 S26,0,41,40,0,24,mp-504753,-0.502085857,0,
106944,In20 Cu4.0 S32,17,34,23,0,1,,,,
89045,Cr16 Fe4 Cu4 S32,0,34,23,0,1,mp-6685,-0.978969437,0,
108361,Cu1.92 Ge2.08 P2.22 S1.78,0,0,0,0,0,,,,
100952,Cu2.6668 Sn1.3332 S4,0,0,0,0,0,,,,
163545,Na2 In20 Cu2 S32,17,34,23,0,1,,,,
53108,Cr16 Fe4 Cu4 S32,0,34,23,0,1,mp-6685,-0.978969437,0,
43532,Cu2.668 Sn1.332 S4,0,0,0,0,0,,,,
658617,In1.67 Cu0.33 S3,17,0,0,0,0,,,,
28894,Fe2 Cu2 S4,0,0,0,0,0,,,,
24174,Fe1.0 Cu5.0 S4,0,37,39,10,22,,,,
42709,Cu7.8 S4,0,37,39,10,22,,,,
628786,Cu6.4 S4,0,37,39,10,22,,,,
100955,Cu2.6668 Ge1.3332 S4,0,0,0,0,0,,,,
64708,Fe2.6668 Cu1.3332 S4,0,0,0,0,0,,,,
53318,Cu2 Ni1 Sn1 S4,0,0,0,0,0,,,,
108362,Cu1.56 Ge2.44 P3.32 S0.68,0,0,0,0,0,,,,
72149,In19.71 Cu3.8 S32,17,34,23,0,1,,,,
656279,Zn0.8 In1.6 Cu1.6 S4,0,0,0,0,0,,,,
4669,Fe2.64 Cu1.32 S4,0,0,0,0,0,,,,
628061,In20 Cu4 S32,17,34,23,0,1,,,,
102963,Cu2.668 Ge1.332 S4,0,0,0,0,0,,,,
42105,Fe2.668 Cu1.332 S4,0,37,39,10,22,,,,
300242,Fe0.6 Cu3.4 Re10.976 Mo5.024 S32,-1,-1,-1,-1,-1,,,,
24172,Zn0.04 Fe1.24 Cu2.12 Sn0.2 Sb0.04 Te0.08 Mo0.36 As0.12 S2.84,0,0,0,0,0,,,,
103008,Zn2 In1 Cu1 S4,0,0,0,0,0,,,,
32525,Cu4 Sn15 S32,-1,-1,-1,0,1,,,,
261884,Fe2 Cu2 S4,0,0,0,0,0,,,,
42710,Cu7.2 S4,0,37,39,10,22,,,,
107789,Al0.64 Zn2.72 Cu0.64 S4,0,0,0,0,0,,,,
96125,Zn1.72 In1.14 Cu1.14 S4,0,0,0,0,0,,,,
16423,In20 Cu4 S32,17,34,23,0,1,,,,
157965,Na1.424 In20 Cu2.576 S32,17,34,23,0,1,,,,
72148,In19.7 Cu2.94 S32,17,34,23,0,1,,,,
57205,In2.224 Cu0.444 S4,17,0,0,0,0,,,,
71117,Fe0.6 Cu3.4 Re11.36 Mo4.64 S32,-1,-1,-1,-1,-1,,,,
402891,V1 Cu3 S4,0,46,45,0,29,mp-3762,-0.937025058,1.2083,39
628473,Nb1 Cu3 Se2 S2,0,46,45,0,29,,,,
170784,Nb1 Cu3 S4,0,46,45,0,29,mp-5621,-0.928452039,1.7916,40
628903,Ta1 Cu3 S4,0,46,45,0,29,mp-10748,-0.949870194,2.0731,38
38811,Fe0.5 Cu3 Ge0.5 S4,0,0,0,0,0,,,,
628842,V1 Cu3 Se2 S2,0,46,45,0,29,,,,
628841,Ta1 Cu3 Te1 Se2 S1,0,46,45,0,29,,,,
42516,Cu3 As1 S4,0,0,0,0,0,mp-20545,-0.522526437,0,74
16277,Ta1 Cu3 Se3 S1,0,46,45,0,29,,,,
628476,Nb0.4 V0.6 Cu3 S4,0,46,45,0,29,,,,
93938,Fe0.801 Cu1.86 Sn0.97 S4,0,0,0,0,0,,,,
199101,Ta1 Cu3 Se2 S2,0,46,45,0,29,,,,
199123,V1 Cu3 Se2.8 S1.2,0,46,45,0,29,,,,
628475,Ta0.5 Nb0.5 Cu3 S4,0,46,45,0,29,,,,
628907,Ta0.5 V0.5 Cu3 S4,0,46,45,0,29,,,,
628980,Zn3.88 Cu0.12 S8,-1,29,32,0,1,,,,
619765,Cd0.16 Cu3.84 S8,0,29,32,0,1,,,,
628552,Cu1 Ni3 S8,0,29,32,0,1,,,,
74631,Fe1.2 Cu2.8 S8,0,29,32,0,1,,,,
628790,Cu4 S8,0,29,32,0,1,mp-1068,-0.535898648,0,77
199329,Cu4 S8,0,29,32,0,1,,,,
74218,Fe2.4 Cu1.6 S8,0,29,32,0,1,,,,
74217,Fe1 Cu3 S8,0,29,32,0,1,,,,
628836,Cu4 Se4 S4,0,29,32,0,1,,,,
627924,Cu2.6 Hg1.4 S8,0,29,32,0,1,,,,
628979,Zn0.8 Cu3.2 S8,0,29,32,0,1,,,,
627339,Fe1 Cu3 S8,0,29,32,0,1,,,,
422796,Ba1 Cu5.9232 Te6.014 S0.986,-1,-1,-1,-1,-1,,,,
267278,Cs3.5952 Cu8 Ge6 S18,0,-1,-1,-1,-1,,,,
167009,Cu0.084 Ag27.916 Sb0.456 As3.544 S24,-1,-1,46,15,30,,,,
628639,Cu28 P4 S24,0,-1,46,15,30,mp-1196216,-0.455976697,0.8796,
94998,Cu24 Si4 Hg3.892 S23.892,0,-1,46,15,30,,,,
94964,Cu24 Hg3.68 Ge4 S23.68,0,-1,46,15,30,,,,
628847,Cu32.04 Si4 S24,0,-1,-1,-1,-1,,,,
32105,Cu6 S6,0,47,21,0,31,mp-504,-0.524184616,0,80
95397,Cu4.0002 S2,0,-1,-1,-1,-1,,,,
628470,Nb2 Cu1 S4,0,48,47,0,16,,,,
200986,Cu3.9996 S2,0,-1,-1,-1,-1,,,,
20560,Cu4 S2,0,-1,-1,-1,-1,mp-553942,-0.120235214,0,
253870,Ba2 Ta1.3332 Cu0.6668 S6,-1,-1,-1,-1,-1,,,,
53314,Nb2 Cu1.3 S4,0,-1,-1,-1,-1,,,,
796,Na3.3 S2 O7.998,-1,-1,-1,-1,-1,,,,
30402,Ta2 Cu1.3 S4,0,48,47,0,16,,,,
24586,Cu6 S6,0,-1,-1,-1,-1,mp-558139,-0.239383284,0,
628901,Ta2 Cu1.32 S4,0,48,47,0,16,,,,
32108,Cu6 S6,0,47,21,0,31,mp-504,-0.524184616,0,80
658785,Ta1 Re1 Cu0.58 Se1.2 S2.8,-1,49,-1,16,32,,,,
795,Na3.08 S2 O7.998,-1,-1,-1,-1,-1,,,,
43323,Cu4.02 S2,0,-1,-1,-1,-1,,,,
628899,Ta2 Cu2 S4,0,48,47,0,16,,,,
108404,Ti1 Cu0.5 S2,0,49,48,16,32,,,,
28286,Cu2 Ag2 C6 S6 N10,7,-1,-1,-1,-1,,,,
627341,Fe8.04 Cu3.96 S12,0,-1,-1,-1,-1,,,,
100956,Cu1.3334 Si0.6666 S2,0,0,0,0,0,,,,
628636,Cu1 P1 S2,0,0,0,0,0,,,,
606336,Al0.286 Cd1.428 Cu0.286 S2,-1,0,0,0,0,,,,
195280,Ta4.346 Cu1.04 S8,20,50,49,0,16,,,,
421077,Cu14 P24 S18 Br14,0,-1,-1,0,-1,,,,
619754,Cd0.5 In0.75 Cu0.75 S2,0,0,0,0,0,,,,
156238,Cu12 Ge2 W2 S16,0,-1,-1,0,0,mp-557225,-0.722408861,0.8312,
628845,Cu1.34 Si0.66 S2,0,0,0,0,0,,,,
195281,Ta4.36 Cu0.92 S8,20,-1,49,0,16,,,,
163489,In1 Cu1 S2,0,0,0,0,0,,,,
628027,Mn0.5 In0.5 Cu0.5 S2,0,0,0,0,0,,,,
32578,Cu2 C2 S2 N2,0,51,50,17,33,mp-559044,-0.106122298,2.1242,47
628076,Zn1.2 In0.4 Cu0.4 S2,0,0,0,0,0,,,,
619741,Cd1 Ga0.5 Cu0.5 S2,0,0,0,0,0,,,,
418074,Cu14 P24 S18 Cl14,0,-1,-1,0,-1,mp-554511,-0.614919424,1.5236,
412533,Cu18 P24 S24 I18,0,-1,51,0,19,mp-565597,-0.408234978,1.6302,
110363,Cu12 Mo2 C40 S8 N10 Cl18,8,-1,-1,-1,-1,mp-1205281,1.078289087,0.1064,
61514,Na2 Cu10 S6,0,-1,-1,-1,-1,mp-28317,-0.38187397,0,
428727,Al4 Cu4 Bi4 S6 Cl16,-1,-1,-1,-1,-1,mp-1195160,-1.369052214,1.2682,
628469,Nb6 Cu2 S8,-1,-1,-1,-1,-1,,,,
154626,Y6 Cu2 Ge2 S14,21,52,52,0,34,mp-556781,-1.817394771,1.8533,
628240,La8 Cu2 S14,-1,52,53,0,34,,,,
627770,Pr6 Cu2 Ge2 S14,22,52,52,0,34,mp-556962,-1.848443333,1.7628,
155941,Gd6 Cu2 Sn2 S14,23,52,52,0,34,mp-556782,-1.821154188,1.2849,
429432,Ce6 Ga2 Cu2 S14,26,53,52,0,34,,,,
628523,Nd6 Cu2 Si2 S14,28,52,52,0,34,mp-556975,-1.936606723,1.637,
156278,Tb6 Cu2 Si2 S14,24,52,52,0,34,mp-560501,-1.916790153,1.738,
627711,La6 Cu2 Ge2 S14,25,52,52,0,34,mp-582767,-1.945000872,1.8378,
155073,Ce6 Cu2 Ge2 S14,26,52,52,0,34,mp-558303,-1.811634196,0,
628890,Y6 Cu2 Sn2 S14,21,52,52,0,34,mp-17747,-1.800307953,1.6011,
156280,Er6 Cu2 Si2 S14,27,52,52,0,34,mp-558980,-1.887491828,1.8932,
628862,Tb6 Cu2 Si2 S14,24,52,52,0,34,mp-560501,-1.916790153,1.738,
155938,Nd6 Cu2 Sn2 S14,28,52,52,0,34,mp-560300,-1.82715265,1.8078,
627968,Ho6 Cu2 Si2 S14,29,52,52,0,34,mp-17486,-1.897717493,1.8321,
627173,Dy6 Cu2 Sn2 S14,30,52,52,0,34,mp-561499,-1.800695234,1.6032,
628722,Pr6 Cu2 Si2 S14,22,52,52,0,34,mp-555893,-1.937976632,1.6625,
155079,Dy6 Cu2 Ge2 S14,30,52,52,0,34,mp-558740,-1.818907343,1.8766,
152554,Y6 Cu2 Sn2 S14,21,52,52,0,34,mp-17747,-1.800307953,1.6011,
627247,Er6 Cu2 Sn2 S14,27,52,52,0,34,,,,
628864,Y6 Cu2 Si2 S14,21,52,52,0,34,mp-561173,-1.906190812,1.7465,
156274,Ce6 Cu2 Si2 S14,26,52,52,0,34,mp-558375,-1.900985176,0.0097,
627171,Dy6 Cu2 Si2 S14,30,52,52,0,34,mp-557998,-1.907756686,1.8074,
620904,Ce8 Cu2 S14,-1,52,53,0,34,,,,
429433,Pr6 Ga2 Cu2 S14,22,53,52,0,34,,,,
627245,Er6 Cu2 Si2 S14,27,52,52,0,34,mp-558980,-1.887491828,1.8932,
155939,Pr6 Cu2 Sn2 S14,22,52,52,0,34,mp-560014,-1.829207212,1.8349,
416478,Gd6 Cu2 Si2 S14,23,52,52,0,34,mp-1191406,-1.927863107,1.1683,
156279,Dy6 Cu2 Si2 S14,30,52,52,0,34,mp-557998,-1.907756686,1.8074,
627749,Nd6 Cu2 Ge2 S14,28,52,52,0,34,mp-554150,-1.846705234,1.7622,
628721,Pr8 Cu2 S14,-1,52,53,0,34,mp-1192725,-2.017656591,0,
156277,Sm6 Cu2 Si2 S14,31,52,52,0,34,mp-554097,-1.930776271,1.7245,
627638,Gd6 Cu2 Sn2 S14,23,52,52,0,34,mp-556782,-1.821154188,1.2849,
155078,Tb6 Cu2 Ge2 S14,24,52,52,0,34,mp-557517,-1.827735241,1.8522,
627221,Er6 Cu2 Ge2 S14,27,52,52,0,34,mp-555081,-1.799856884,1.7943,
155076,Sm6 Cu2 Ge2 S14,31,52,52,0,34,mp-555978,-1.840856005,1.8468,
155937,Ce6 Cu2 Sn2 S14,26,52,52,0,34,mp-510567,-1.792214083,0,
159888,Ho6 Cu2 Ge2 S14,29,52,52,0,34,mp-555509,-1.809291546,1.8178,
429431,La6 Ga2 Cu2 S14,25,53,52,0,34,,,,
155940,Sm6 Cu2 Sn2 S14,31,52,52,0,34,mp-558042,-1.820991516,1.7843,
155077,Gd6 Cu2 Ge2 S14,23,52,52,0,34,mp-573114,-1.838220615,1.1455,
155936,La6 Cu2 Sn2 S14,25,52,52,0,34,mp-510566,-1.931486243,1.8997,
155943,Dy6 Cu2 Sn2 S14,30,52,52,0,34,mp-561499,-1.800695234,1.6032,
23519,La6 Cu2 Si2 S14,25,52,52,0,34,mp-504650,-2.034828182,1.8388,
155942,Tb6 Cu2 Sn2 S14,24,52,52,0,34,mp-554781,-1.808838,1.6728,
620907,Ce6 Cu2 Sn2 S14,26,52,52,0,34,mp-510567,-1.792214083,0,
627792,Tb6 Cu2 Ge2 S14,24,52,52,0,34,mp-557517,-1.827735241,1.8522,
628875,Sm6 Cu2 Sn2 S14,31,52,52,0,34,mp-558042,-1.820991516,1.7843,
628248,La6 Cu2 Sn2 S14,25,52,52,0,34,mp-510566,-1.931486243,1.8997,
429434,Nd6 Ga2 Cu2 S14,28,53,52,0,34,,,,
155080,Er6 Cu2 Ge2 S14,27,52,52,0,34,mp-555081,-1.799856884,1.7943,
628724,Pr6 Cu2 Sn2 S14,22,52,52,0,34,mp-560014,-1.829207212,1.8349,
627789,Sm6 Cu2 Ge2 S14,31,52,52,0,34,mp-555978,-1.840856005,1.8468,
628525,Nd6 Cu2 Sn2 S14,28,52,52,0,34,mp-560300,-1.82715265,1.8078,
159886,Ho6 Cu2 Si2 S14,29,52,52,0,34,mp-17486,-1.897717493,1.8321,
155944,Ho6 Cu2 Sn2 S14,29,52,52,0,34,mp-554553,-1.791137411,1.595,
627608,Gd6 Cu2 Ge2 S14,23,52,52,0,34,mp-573114,-1.838220615,1.1455,
627147,Dy6 Cu2 Ge2 S14,30,52,52,0,34,mp-558740,-1.818907343,1.8766,
82155,U6 Cu4 S14,0,52,52,0,34,mp-619067,-1.514944915,0,
40223,Nb7.2 Cu1.374 S12,-1,50,49,0,16,,,,
258578,Cu12 Sn21 S48,0,-1,-1,-1,-1,,,,
420857,Zr22.287 Cu12 S48,0,-1,23,0,1,,,,
41263,Cu27 S15,0,-1,-1,-1,-1,mp-542333,-0.312101595,0,
42054,Ti3 Cu2.1 S6,0,-1,-1,0,16,,,,
154696,Cu12.0 Sn21 S48,0,-1,-1,-1,-1,,,,
85050,Ta7.116 Cu1.584 S12,-1,50,49,0,16,,,,
5106,K0.15 Na0.21 Ca0.84 Al9 Cu0.18 As1.44 H18 S4.56 O43.62,-1,-1,-1,1,-1,,,,
24344,Cu6 S6 N6 O18,0,-1,-1,-1,-1,,,,
100441,Al4.797 Fe1.206 Cu2.997 H18 Pb3 S6 O42,-1,-1,-1,18,-1,,,,
50964,Cu12 Sn21 S48,0,-1,23,0,1,,,,
170228,Ti24 Cu12 S48,0,-1,23,0,1,mp-559918,-1.506279737,0,
85051,Ta7.08 Cu1.716 S12,-1,50,49,0,16,,,,
166302,Al0.18 Zn0.18 Fe5.76 Cu2.88 H18 Pb3 S6 O42,-1,-1,-1,18,-1,,,,
403065,Cu18 Se46.8 S7.2 I18,0,-1,-1,-1,-1,,,,
85049,Ta7.188 Cu0.84 S12,-1,50,49,0,16,,,,
236251,Ta6 Cu1.44 S12,-1,50,49,0,16,,,,
22307,Fe3.21 Cu2.79 S6,0,-1,-1,0,0,,,,
88972,Cu7.956 Sn1.983 S12,0,-1,-1,-1,-1,,,,
403064,Cu18 Se42.48 S11.52 Br18,0,-1,-1,-1,-1,,,,
625766,Cr3 Cu3 S6,0,-1,54,0,35,,,,
199731,Tb0.67 Cu2 S2,0,54,55,0,10,,,,
91580,Ti1 Cu0.2106 S2,-1,49,48,16,32,,,,
171687,Cu3.772 Ag12.2262 Sb0.808 As1.192 S11.0002,0,-1,-1,-1,-1,,,,
53257,Li0.9 Fe1.02 Cu1.02 S2,0,-1,-1,-1,-1,,,,
628973,Yb0.67 Cu2 S2,0,54,55,0,10,,,,
83745,Er0.667 Cu2 S2,0,54,55,0,10,,,,
628834,Sc1 Cu1 S2,0,54,55,0,10,,,,
627629,Gd0.67 Cu2 S2,0,54,55,0,10,,,,
81306,Na1 Cu4 S4,0,-1,-1,-1,-1,mp-29069,-0.668210463,0,58
156292,Dy0.667 Cu2 S2,0,54,55,0,10,,,,
628970,Yb1 Cu2 S2,0,54,55,0,10,,,,
199736,Y0.89 Cu1.34 S2,0,54,55,0,10,,,,
94009,Ti1 Cu0.2106 S2,-1,49,48,16,32,,,,
628306,Lu1 Cu2 S2,0,54,55,0,10,,,,
95104,Nb2 Cu0.42 C1 S2,32,50,56,0,16,,,,
199734,Yb0.89 Cu1.34 S2,0,54,55,0,10,,,,
164136,Cu4.294 Ag11.706 Sb1.382 As0.618 S11,0,-1,57,19,36,,,,
171685,Cu2.968 Ag13.032 Sb0.82 As1.18 S11,0,-1,57,19,36,,,,
628962,Y1 Cu2 S2,0,54,55,0,10,,,,
156781,Cu3.04 Ag12.96 Sb1.846 As0.154 S11.0002,0,-1,-1,-1,-1,,,,
198777,Sc0.67 Cu2 S2,0,54,55,0,10,,,,
627964,Ho0.67 Cu2 S2,0,54,55,0,10,,,,
57039,Nb2 Cu0.7 C1 S2,32,50,56,0,16,,,,
95105,Nb2 Cu0.58 C1 S2,32,50,56,0,16,,,,
190664,Cu1.54 Ag14.46 Sb1.58 Te1.33 As0.42 S9.67,-1,-1,57,19,36,,,,
180396,Cu5.668 Ag10.332 Sb0.398 As1.602 S11,0,-1,57,19,36,,,,
23326,Cs1 Cu3 S2,0,-1,-1,-1,-1,mp-7786,-0.762379496,1.7537,15
423549,Yb0.8 Cu1.6 S2,0,54,55,0,10,,,,
628309,Lu0.67 Cu2 S2,0,54,55,0,10,,,,
423548,Lu0.67 Cu2 S2,0,54,55,0,10,,,,
100944,Er0.67 Cu2 S2,0,54,55,0,10,,,,
628965,Y0.67 Cu2 S2,0,54,55,0,10,,,,
156293,Ho0.667 Cu2 S2,0,54,55,0,10,,,,
100945,Dy0.67 Cu2 S2,0,54,55,0,10,,,,
627961,Ho1 Cu2 S2,0,54,55,0,10,,,,
91581,Ti1 Cu0.3752 S2,0,49,48,16,32,,,,
95108,Nb2 Cu0.52 C1 S2,32,50,56,0,16,,,,
199735,Lu0.89 Cu1.34 S2,0,54,55,0,10,,,,
100727,Fe0.61 Cu3.39 S4,0,-1,-1,0,1,,,,
95106,Nb2 Cu0.54 C1 S2,32,50,56,0,16,,,,
42638,Ta2 Cu0.6 C1 S2,-1,50,56,0,16,,,,
53256,Li1 Fe1 Cu1 S2,0,54,59,0,10,,,,
628937,Tm1 Cu2 S2,0,54,55,0,10,,,,
627162,Dy1 Cu2 S2,0,54,55,0,10,,,,
94479,Er0.851 Cu1.452 S2,0,54,55,0,10,,,,
241336,Ca1 Cu2 S2,0,54,55,0,10,,,,
628975,Yb0.5 Cu2.5 S2,0,54,55,0,10,,,,
22308,Mg0.68 Al0.32 O2,-1,-1,-1,-1,-1,,,,
33544,Er0.8889 Cu1.3334 S2,0,54,55,0,10,,,,
423550,Ho0.67 Cu2 S2,0,54,55,0,10,,,,
199733,Tm0.89 Cu1.34 S2,0,54,55,0,10,,,,
249124,Cu1.042 Ag14.58 Sb1.66 As0.34 Se2.66 S8.34,-1,-1,57,19,36,,,,
628910,Tb1 Cu2 S2,0,54,55,0,10,,,,
95103,Nb2 Cu0.45 C1 S2,32,50,56,0,16,,,,
628940,Tm0.67 Cu2 S2,0,54,55,0,10,,,,
171686,Cu2.9656 Ag13.0404 Sb0.8208 As1.1792 S11.0002,0,-1,-1,-1,-1,,,,
95107,Nb2 Cu0.53 C1 S2,32,50,56,0,16,,,,
94010,Ti1 Cu0.384 S2,0,49,48,16,32,,,,
16812,Er0.6667 Cu2 S2,0,54,55,0,10,,,,
199732,Ho0.89 Cu1.34 S2,0,54,55,0,10,,,,
81687,Na1 V0.456 Cu1.544 S2,0,54,59,0,10,,,,
100946,Er0.88 Cu1.34 S2,0,54,55,0,10,,,,
86086,Hf4 Cu8 S12,0,-1,-1,0,-1,,,,
423553,Er4 Cu12 S12,0,54,55,0,10,,,,
195278,Ta3.15 Cu0.39 S6,33,55,58,20,37,,,,
24372,Cu6 C6 S6 N6,0,51,50,17,33,mp-672285,-0.106011416,2.3004,
195282,Ta9.387 Cu2.253 S18,20,50,49,0,16,,,,
195279,Ta3.15 Cu0.45 S6,33,55,58,20,37,,,,
24796,Cr3 Cu3 S6,0,-1,-1,0,-1,mp-5862,-0.848600852,0.267,94
604972,Cr3 Cu1.5 Ag1.5 S6,0,-1,-1,0,-1,,,,
25627,Cr3 Cu3 S6,0,-1,-1,0,-1,mp-555345,-0.663649489,0,
100595,Cr2.73 Cu3.048 S6,0,-1,-1,-1,-1,,,,
85789,Cu9 Te3 S9 Cl3,0,-1,-1,0,-1,mp-557510,-0.537172443,0.8727,
41262,Fe1.503 Cu7.497 S6,0,-1,-1,0,-1,,,,
16552,Fe0.5004 Cu2.4996 S2,0,-1,-1,-1,-1,,,,
195277,Ta3.15 Cu0.33 S6,33,55,58,20,37,,,,
174548,Cr3 Cu3 S6,0,56,54,0,35,,,,
174547,Cr2.97 Cu3 S6,0,56,54,0,35,,,,
174546,Cr3 Cu3 S6,0,56,54,0,35,,,,
73424,Al2 Cu12 H24 S2 Cl2 O38,-1,-1,-1,1,3,,,,
72806,Al2 Cu12 H36 S2 Cl2 O38,-1,-1,-1,1,3,,,,
72808,Al1.7 Fe0.3 Cu12 S2 Cl1.27 O39.46,-1,-1,14,1,3,,,,
72807,Al1.88 Fe0.12 Cu12 S2 Cl2 O38,-1,-1,14,1,3,,,,
24132,Cu4 Si2 S6,0,0,0,0,0,mp-561468,-0.646078934,0.0354,
156484,Zr0.5 Mn0.5 Cu1 S2,0,54,-1,0,10,,,,
15298,Sc1 Cu1 S2,0,-1,8,0,1,mp-6980,-1.613607078,0.9184,84
39255,Na1 Zn0.22 Fe0.44 Cu1.34 S2,0,54,59,0,10,,,,
628310,Lu1 Cu1 S2,0,-1,8,0,1,mp-1001780,-1.699567149,1.5031,
152763,Cu6 Si3 Pb3 S12,0,57,-1,0,1,mp-555818,-0.797434453,1.3389,
434796,Eu3 Cu6 Ge3 S12,0,57,7,0,1,,,,
43131,Sr3 Cu6 Sn3 S12,0,57,7,0,1,mp-17322,-1.10774351,0.4112,
434798,Eu3 Cu6 Si3 S12,0,57,7,0,1,,,,
1215,Cu8.82 Mo18 S24,0,58,60,0,38,,,,
158990,Mg1.314 Cu2.862 Mo18 S24,-1,58,60,0,38,,,,
628441,Cu2.004 Mo6 S7.64,15,-1,60,0,38,,,,
158991,Mg2.2752 Cu3.0276 Mo18 S24,-1,58,60,0,38,,,,
1216,Cu10.98 Mo18 S24,0,58,60,0,38,,,,
62974,Cu5.202 Mo18 S23.562,15,-1,60,0,38,,,,
158988,Mg0.2079 Cu4.36878 Mo18 S24,-1,58,60,0,38,,,,
628434,Cu12.06 Mo18 S24,0,58,60,0,38,,,,
158993,Mg5.4 Cu1.20006 Mo18 S24,-1,58,60,0,38,,,,
158985,Cu2.9718 Mo18 S24,34,-1,60,0,38,,,,
158994,Mg0.198 Cu3.06 Mo18 S24,34,58,60,0,38,,,,
158989,Mg2.088 Cu1.602 Mo18 S24,-1,58,60,0,38,,,,
602374,Cu12.06 Mo18 S24,0,58,60,0,38,,,,
1213,Cu5.4 Mo18 S24,15,58,60,0,38,,,,
423551,Dy6.36 Cu16.92 S18,0,54,55,0,10,,,,
76439,Cu2.64 Mo6 Se6.44 S1.56,-1,58,60,0,38,,,,
628444,Cu3.06 Mo18 S24,34,-1,-1,0,38,,,,
75967,Cu5.4 Mo18 S23.16 O0.84,15,-1,-1,0,38,,,,
628435,Cu6.12 Mo18 S24,15,58,60,0,38,,,,
423552,Tb6 Cu18 S18,0,54,55,0,10,,,,
628440,Cu2.004 Mo6 S7.598,15,-1,60,0,38,,,,
76438,Cu2.58 Mo6 Se3.36 S4.64,0,58,60,0,38,,,,
158987,Mg0.252 Cu3.366 Mo18 S24,34,58,60,0,38,,,,
158986,Cu4.22406 Mo18 S24,-1,58,60,0,38,,,,
41435,Cu2.16 Mo6 Se3.52 S4.48,-1,58,60,0,38,,,,
1214,Cu8.28 Mo18 S24,0,58,60,0,38,,,,
604572,Cu5.76 Mo18 S24,15,58,60,0,38,,,,
158992,Mg3.312 Cu4.662 Mo18 S24,-1,58,60,0,38,,,,
158995,Mg0.774 Cu2.556 Mo18 S24,-1,58,60,0,38,,,,
79548,Zn1.001 Cu5.999 S2 O21,0,-1,-1,18,-1,,,,
81353,Zn6.398 Cu1.602 S2 O28,-1,-1,14,1,3,,,,
81354,Zn6.998 Cu1.002 Si1 H15 S1 O21,-1,-1,-1,1,3,,,,
5053,Cu18 Hg9 Sb12 S36,0,33,36,0,1,,,,
26827,Zn8.9991 Cu18.0009 As12 S36,0,33,36,0,1,,,,
169803,Cu18 Hg9 As12 S36,0,33,36,0,1,,,,
20424,Cu18 Hg9 As12 S36,0,33,36,0,1,mp-6287,-0.4992853,0.5413,
10005,Sr3 Cu6 Ge3 S12,0,57,7,0,1,mp-18685,-1.124755978,1.0574,
52685,Ba3 Cu6 Sn3 S12,0,57,7,0,1,mp-17954,-1.135777304,0.3935,
10006,Ba3 Cu6 Ge3 S12,0,57,7,0,1,mp-17947,-1.139470201,0.9812,
604805,Ba3 Cu3.6 Ag2.4 Sn3 S12,0,57,7,0,1,,,,
356,Sr3 Cu6 Sn3 S12,0,57,7,0,1,mp-16988,-1.107728092,0.4121,
714,Cu6.76 H10 S2 O21,-1,-1,-1,1,3,,,,
83766,Zn7 Cu1 Si0.7 H12 S1 O20.999,-1,-1,-1,1,-1,,,,
163982,Cu8 Ag24 S16,0,-1,-1,-1,-1,mp-5725,-0.26948487,0.3166,
237002,Cu4 Ir8 S16,0,34,23,0,1,,,,
237005,Zn1.2 Cu2.8 Ir8 S16,0,34,23,0,1,,,,
237004,Zn0.8 Cu3.2 Ir8 S16,0,34,23,0,1,,,,
237003,Zn0.4 Cu3.6 Ir8 S16,0,34,23,0,1,,,,
261351,Ba3.2 Sr0.8 Co2 Cu4 S4 O4,0,59,61,21,39,,,,
230995,Sr4 Cu6 S4 O4,0,59,61,21,39,,,,
172555,Sr4 Mn2 Cu10.408 S8 O4,0,-1,-1,-1,-1,,,,
82087,Cs2 Fe2 Cu2 S4,0,60,62,10,22,,,,
230692,K2 Co1 Cu3 S4,0,60,62,10,22,,,,
615837,Ba2 Cu4 S4,0,60,63,10,22,mp-4255,-1.175754025,0.506,66
261352,Ba4 Co2 Cu4 S4 O4,0,59,61,21,39,mp-1078706,-1.554394578,0,
261349,Ba1.6 Sr2.4 Co2 Cu4 S4 O4,0,59,61,21,39,,,,
77749,Rb2 Co2 Cu2 S4,0,60,62,10,22,,,,
173143,Sr8 Mn5.872 Cu4 S4 O14.848,-1,-1,-1,-1,-1,,,,
81430,K0.328 Ba1.672 Cu4 S4,0,60,63,10,22,,,,
81431,Rb2 Mn2 Cu2 S4,0,60,62,10,22,,,,
261347,Sr4 Co2 Cu3.9612 S4 O4,0,59,61,21,39,,,,
40495,Tl2 Cu4 S4,0,60,-1,10,22,mp-8676,-0.520058017,0,42
75578,K2 Fe2 Cu2 S4,0,60,62,10,22,,,,
261348,Ba0.8 Sr3.2 Co2 Cu4 S4 O4,0,59,61,21,39,,,,
84735,Sr4 Zn2 Cu4 S4 O4,0,59,61,21,39,mp-9453,-1.747234411,0.8326,69
171240,Cu16 W4 S16 Cl16,0,-1,-1,-1,-1,mp-672345,-0.51482579,0,
172553,Sr4 Mn2 Cu2.956 S4 O4,0,59,61,21,39,,,,
68529,Tl2 Cu11.04 S8,0,-1,64,10,22,,,,
108795,Tl2 Cu12 S8,0,-1,64,10,22,mp-557929,-0.415709163,0,54
88424,Sr4 Cu4 Ni2 S4 O4,0,59,61,21,39,mp-505611,-1.509105985,0,
91200,Sr8 Mn6 Cu4 S4 O15,-1,-1,-1,-1,-1,,,,
172557,Sr8 Mn4 Cu9.872 S10 O8,0,-1,-1,-1,-1,,,,
88425,Sr6 Sc4 Cu4 S4 O10,0,-1,-1,-1,-1,mp-15900,-2.751577315,1.6388,
84961,Sr6 Fe4 Cu4 S4 O10,0,-1,-1,-1,-1,mp-505310,-2.038630438,0.4814,
261345,Ba4 Co2 Cu3.888 S4 O4,0,59,61,21,39,,,,
77750,Cs2 Co2 Cu2 S4,0,60,62,10,22,,,,
261350,Ba2.4 Sr1.6 Co2 Cu4 S4 O4,0,59,61,21,39,,,,
77748,K2 Co2 Cu2 S4,0,60,62,10,22,,,,
81740,K0.72 Ba1.28 Cu4 S4,0,60,63,10,22,,,,
84734,Sr4 Mn2 Cu4 S4 O4,0,59,61,21,39,mp-551219,-1.783743925,0,
261346,Sr4 Co2 Cu3.7804 S4 O4,0,59,61,21,39,,,,
100476,K0.43 Tl3.57 Cu12.7 Sb2 S8,0,-1,-1,-1,-1,,,,
430200,Cu4 P4 S12,0,-1,-1,-1,-1,mp-1105187,-0.620073525,1.1644,
280644,Rb4 Ti2 Cu4 S8,0,-1,-1,0,1,mp-7129,-1.348125884,1.7443,
260104,Cu16 Ge10 C8 S32 N16,0,-1,-1,-1,-1,mp-608239,-0.070821475,0,
96346,Nd2 Cu2 S2 O2,0,61,65,22,40,mp-542314,-2.305216076,1.618,
92494,Pr2 Cu2 S2 O2,0,61,65,22,40,mp-6166,-2.288628905,1.644,
169992,Ca4 Fe2 Cu2 S2 O6,-1,62,66,23,41,mp-1105354,-2.204626817,0.6761,
96757,La2 Cu2 Se1.5 S0.5 O2,0,-1,-1,-1,-1,,,,
247045,Ce2 Cu1.974 S2 O2,0,61,65,22,40,,,,
159476,La2 Cu1.92 S2 O2,0,61,65,22,40,,,,
91199,Sr4 Mn2 Cu2 S2 O6,0,62,66,23,41,mp-20239,-2.239745324,0,
159473,Cu1.94 Bi2 S2 O2,0,61,-1,22,40,,,,
96343,La2 Cu2 S2 O2,0,61,65,22,40,mp-6088,-2.399291036,1.6685,
159469,Ba2.64 Sr1.36 Mn4 Cu1.956 S2 O8,-1,-1,-1,-1,-1,,,,
96756,La2 Cu2 Se1 S1 O2,0,61,65,22,40,,,,
159470,Ba4 Mn4 Cu1.798 S2 O8,-1,-1,-1,-1,-1,,,,
240314,Ce2 Cu1.618 S2 O2,0,61,65,22,40,,,,
251149,Cu6 Ag6 S6,0,-1,-1,-1,-1,,,,
240315,Ce2 Cu1.524 S2 O2,0,61,65,22,40,,,,
96344,Ce2 Cu2 S2 O2,0,61,65,22,40,mp-635469,-2.29522255,0,
247046,Ce2 Cu1.724 S2 O2,0,61,65,22,40,,,,
195375,Sr4 Fe2 Cu2 S2 O6,0,62,66,23,41,mp-505312,-1.838665622,0,
96755,La2 Cu2 Se0.5 S1.5 O2,0,-1,-1,-1,-1,,,,
172796,Sr2 Cu2 S2 F2,0,61,67,22,40,mp-12444,-2.351289056,1.5126,75
430782,Tl2 Cu1.94 S2,0,-1,-1,10,-1,,,,
84962,Sr4 Cr2 Cu2 S2 O6,0,62,66,23,41,mp-505311,-2.325323991,1.1361,
183712,Ba2 Cu2 S2 F2,0,61,67,22,40,mp-1080650,-2.309205314,1.6223,
157433,Sr2 Cu2 S2 F2,0,61,67,22,40,mp-12444,-2.351289056,1.5126,75
195376,Ca4 Fe2 Cu2 S2 O6,-1,62,66,23,41,mp-1105354,-2.204626817,0.6761,
172797,Eu2 Cu2 S2 F2,0,61,-1,22,40,mp-21354,-2.29587227,0,
80729,Ba4 Y1 Cu2.37 S0.5 O9.85,-1,-1,-1,-1,-1,,,,
85362,Cu4 S3 N1,0,63,64,10,22,mp-1080109,0.25455992,0,
80730,Ba4 Ca1 Cu2.38 S0.5 O9.52,-1,-1,-1,-1,-1,,,,
172554,Sr2 Mn1 Cu3.424 S3 O2,0,-1,-1,-1,-1,,,,
412977,Na5 Cu1 S1 O2,-1,-1,-1,-1,-1,mp-11147,-1.353068606,1.5434,51
628927,Tl1 Cu4 S3,0,63,64,10,22,mp-8159,-0.458588151,0,46
603968,Rb1 Cu4 S3,0,63,62,10,22,mp-1025519,-0.648575378,0,
23325,Cs1 Cu4 S3,0,63,62,10,22,mp-7785,-0.649600607,0,54
197896,K1 Cu4 S3,0,63,62,10,22,,,,
80731,Ba4 Y1 Cu2.15 S0.8 O10.1,-1,-1,-1,-1,-1,,,,
241335,Cu4 H4 S3 N1,0,-1,-1,-1,-1,,,,
23336,K1 Cu4 S3,0,63,62,10,22,mp-27677,-0.652422378,0,47
412974,Na5 Cu1 S1 O6,-1,-1,-1,-1,-1,,,,
198802,Cs1 Cu4 S3,0,63,62,10,22,,,,
25720,K1 Cu4 S3,0,63,62,10,22,mp-27677,-0.652422378,0,47
25721,Rb1 Cu4 S3,0,63,62,10,22,mp-1025519,-0.648575378,0,
603969,Cs1 Cu4 S3,0,63,62,10,22,mp-7785,-0.649600607,0,54
82021,Ba2 Cu1 Hg0.743 S0.184 O4.486,-1,-1,-1,-1,-1,,,,
659127,Ga4 Cu4 Se4 S4,0,0,0,0,0,,,,
189079,Al1.6 In2.4 Cu4 S8,0,0,0,0,0,,,,
656272,In4 Cu4 Se4 S4,0,0,0,0,0,,,,
627305,Fe2 Cu4 Ge2 S8,0,0,0,0,0,,,,
605025,In4 Cu2 Ag2 S8,0,0,0,0,0,,,,
8302,Li0.2 In4 Cu3.8 Se2 S6,0,0,0,0,0,,,,
627492,Zn2.64 Ga2.68 Cu2.68 S8,0,0,0,0,0,,,,
28739,In4 Cu4 S8,0,0,0,0,0,mp-22736,-0.810328883,0.3052,64
606972,Al2 In2 Cu4 S8,0,0,0,0,0,,,,
619755,Cd1.12 In3.44 Cu3.44 S8,0,0,0,0,0,,,,
66865,In4 Cu4 S8,0,0,0,0,0,mp-22736,-0.810328883,0.3052,64
100907,Ga2 Fe2 Cu4 S8,0,0,0,0,0,,,,
607081,Al4 Cu4 S8,0,0,0,0,0,mp-4979,-1.140679879,1.6756,66
628882,Cu5.32 Sn2.68 S8,0,0,0,0,0,,,,
628846,Cu5.32 Si2.68 S8,0,0,0,0,0,,,,
604662,Al4 Cu0.4 Ag3.6 S8,-1,0,0,0,0,,,,
602937,Ga4 Cu2 Ag2 S8,0,0,0,0,0,,,,
409590,Zn0.444 In3.48 Cu4.076 S8,0,0,0,0,0,,,,
627353,Fe4 Cu4 Se4 S4,0,0,0,0,0,,,,
606930,Al0.4 Ga3.6 Cu4 S8,0,0,0,0,0,,,,
606337,Al3.852 Cd0.296 Cu3.852 S8,0,0,0,0,0,,,,
66864,Ga4 Cu4 S8,0,0,0,0,0,mp-5238,-0.908981459,0.7026,75
8303,Li0.8 In4 Cu3.2 Se4 S4,0,0,0,0,0,,,,
189078,Al0.8 In3.2 Cu4 S8,0,0,0,0,0,,,,
80095,Fe4 Cu4 S8,0,0,0,0,0,mp-3497,-0.54132012,0,56
189081,Al2.4 In1.6 Cu4 S8,0,0,0,0,0,,,,
606931,Al2 Ga2 Cu4 S8,0,0,0,0,0,,,,
604661,Al4 Cu3.2 Ag0.8 S8,0,0,0,0,0,,,,
186716,Mn0.4 In3.6 Cu4.0 S8,0,0,0,0,0,,,,
261882,Fe4 Cu4 S8,0,0,0,0,0,mp-3497,-0.54132012,0,56
659128,Al4 Cu4 Se4 S4,0,0,0,0,0,,,,
156413,Cu4 B4 S8,0,0,0,0,0,mp-12954,-0.67287496,1.9146,114
627781,Cu5.32 Ge2.68 S8,0,0,0,0,0,,,,
186717,Mn0.2 In4.0 Cu3.8 S8,0,0,0,0,0,,,,
628028,Mn2.4 In2.8 Cu2.8 S8,0,0,0,0,0,,,,
659129,Al2 Ga2 Cu4 Se4 S4,0,0,0,0,0,,,,
192232,In3.6 Fe0.4 Cu3.96 S8,0,0,0,0,0,,,,
96124,Zn0.88 In3.56 Cu3.56 S8,0,0,0,0,0,,,,
157376,In3.596 Si0.404 Cu3.624 S8,0,0,0,0,0,,,,
155023,Mn0.712 In3.792 Cu3.496 S8,0,0,0,0,0,,,,
656281,Zn1.6 In3.2 Cu3.2 S8,0,0,0,0,0,,,,
192236,In3.2 Fe0.4 Cu3.996 S7.736,0,0,0,0,0,,,,
8304,Li0.8 In4 Cu3.2 Se6 S2,0,0,0,0,0,,,,
189082,Al2.8 In1.2 Cu4 S8,0,0,0,0,0,,,,
155021,Mn0.464 In3.84 Cu3.696 S8,0,0,0,0,0,,,,
619742,Cd0.72 Ga3.64 Cu3.64 S8,0,0,0,0,0,,,,
186718,Mn0.4 In4.0 Cu3.6 S8,0,0,0,0,0,,,,
605013,Ga4 Cu0.4 Ag3.6 S8,0,0,0,0,0,,,,
605012,Ga4 Cu2.4 Ag1.6 S8,0,0,0,0,0,,,,
192233,In3.6 Fe0.4 Cu4 S8,0,0,0,0,0,,,,
267440,Fe4 Cu3.928 S8,0,0,0,0,0,,,,
28742,Tl4 Cu4 S8,0,0,0,0,0,mp-14089,-0.554826957,0,57
186715,Mn0.2 In3.8 Cu4 S8,0,0,0,0,0,,,,
413349,Cu6 Sb0.6592 As1.3408 S8,0,0,0,0,0,,,,
171983,Zn2 Cu4 Sn2 S8,0,0,0,0,0,,,,
42673,Cu6 Sb2 S8,0,0,0,0,0,mp-5702,-0.555932331,0,68
243666,Zn2 Cu4 Sn2 S8,0,0,0,0,0,,,,
190970,Tl4 Cu3.388 Ag0.612 Hg8 Sb2.904 As5.096 S24,35,64,68,0,42,,,,
252893,Fe0.2 Cu5.8 Sn2 S6.8 Cl1.2,0,0,0,0,0,,,,
237549,Fe1.6 Cu4.414 Sn1.986 S7.52,0,0,0,0,0,,,,
429466,Fe1.2 Co0.8 Cu4 Sn2 S8,0,0,0,0,0,,,,
237555,Cu6 Sn2 S7.2,0,0,0,0,0,,,,
252985,Tl4 Zn5.324 Fe1.872 Cu0.996 Ag2.536 Hg1.272 Sb0.04 As7.96 S24,0,64,68,0,42,,,,
198597,Co2 Cu4 Ge2 S8,0,0,0,0,0,,,,
264959,Zn2 Cu4 Sn2 Se4.024 S3.976,0,0,0,0,0,,,,
199822,Zn2 Cu4 Ge2 S8,0,0,0,0,0,,,,
99294,Co2 Cu4 Sn2 S8,0,0,0,0,0,mp-11770,-0.645413045,0,72
415927,Co2 Cu4 Ge2 S8,0,0,0,0,0,mp-6498,-0.636683473,0,70
98909,Cu4 W2 S8,0,-1,-1,0,43,mp-557373,-0.834583447,1.6795,16
199831,Cd2 Cu4 Sn2 S8,0,0,0,0,0,,,,
627691,Cu4 Hg2 Ge2 S8,0,0,0,0,0,mp-10952,-0.61559737,0.0205,68
200421,Zn0.66 Cd0.74 Fe0.58 Cu4 Sn2 S8,0,0,0,0,0,,,,
264960,Zn2 Cu4 Sn2 Se1.816 S6.184,0,0,0,0,0,,,,
627310,Zn1 Fe1 Cu4 Ge2 S8,0,0,0,0,0,,,,
248793,Mn0.8 Fe1.2 Cu4 Sn2 S8,0,0,0,0,0,,,,
184475,Zn2 Cu4 Sn2 Se6.08 S1.92,0,0,0,0,0,,,,
193983,Fe2 Cu4 Ge2 S8,0,0,0,0,0,mp-22053,-0.514337338,0,
171979,Zn0.4 Fe1.6 Cu4 Sn2 S8,0,0,0,0,0,,,,
193981,Co2 Cu4 Si2 S8,0,0,0,0,0,mp-11769,-0.726802215,0,
237551,Fe0.8 Cu5.198 Sn2.002 S7.52,0,0,0,0,0,,,,
171982,Zn1.6 Fe0.4 Cu4 Sn2 S8,0,0,0,0,0,,,,
260077,Tl4 Zn1.192 Cu2.576 Ag1.424 Hg6.808 Sb1.216 As6.784 S24,35,64,68,0,42,,,,
627788,Zn2 Cu4 Ge2 Se4 S4,0,0,0,0,0,,,,
2857,Cu6 Sb2 S8,0,0,0,0,0,mp-5702,-0.555932331,0,68
413348,Cu6 Sb1.472 As0.52 S8,0,0,0,0,0,,,,
26838,Cu6 Sb0.63 As1.37 S8,0,0,0,0,0,,,,
429465,Fe1.6 Co0.4 Cu4 Sn2 S8,0,0,0,0,0,,,,
627929,Cu4 Sn2 Hg2 S8,0,0,0,0,0,mp-1025467,-0.622432598,0.1985,
237547,Fe2 Cu4.0 Sn2.0 S8,0,0,0,0,0,,,,
237552,Fe0.6 Cu5.4 Sn2 S6.96,0,0,0,0,0,,,,
200420,Zn0.38 Fe1.62 Cu4 Sn2 S8,0,0,0,0,0,,,,
56600,Mn2 Cu4 Sn2 S8,0,0,0,0,0,mp-19722,-0.738436178,0,66
184476,Zn2 Cu4 Sn2 Se4.16 S3.84,0,0,0,0,0,,,,
427891,Zn2 Cu4 Si0.352 Sn1.648 S8,0,0,0,0,0,,,,
628824,Cu6 Sb2 S8,0,0,0,0,0,mp-5702,-0.555932331,0,68
264958,Zn2 Cu4 Sn2 Se6.04 S1.96,0,0,0,0,0,,,,
5319,Tl4.0 Zn0.32 Cu0.52 Ag3.52 Hg7.64 Sb1.68 As6.32 S24,35,-1,-1,-1,-1,,,,
248700,Cu2 Sn1 S3,0,0,0,0,0,,,,
627312,Zn1.6 Fe0.4 Cu4 Ge2 S8,0,0,0,0,0,,,,
627933,Zn0.8 Cu4 Sn2 Hg1.2 S8,0,0,0,0,0,,,,
81209,Tl4 Zn4.64 Fe1.84 Cu4 Hg1.52 As8 S24,0,64,68,0,42,,,,
237554,Fe0.2 Cu5.802 Sn1.998 S6.88,0,0,0,0,0,,,,
171978,Fe2 Cu4 Sn2 S8,0,0,0,0,0,mp-22648,-0.528064148,0,68
237548,Fe1.8 Cu4.2 Sn2 S8,0,0,0,0,0,,,,
5059,Fe2 Cu6 S8,0,0,0,0,0,mp-1078387,-0.614484139,0,
427892,Zn2 Cu4 Si0.492 Sn1.508 S8,0,0,0,0,0,,,,
82558,Ti2 Cu8 S8,0,-1,-1,0,1,mp-29091,-0.901711327,1.4548,76
171980,Zn1 Fe1 Cu4 Sn2 S8,0,0,0,0,0,,,,
184477,Zn2 Cu4 Sn2 Se2.48 S5.52,0,0,0,0,0,,,,
194208,Zn2 Cu4 Ge2 Se4 S4,0,0,0,0,0,,,,
237553,Fe0.4 Cu5.6 Sn2 S7.12,0,0,0,0,0,,,,
237550,Fe1.2 Cu4.802 Sn1.998 S7.04,0,0,0,0,0,,,,
194209,Zn2 Cu4 Ge2 Se2 S6,0,0,0,0,0,,,,
171981,Zn1.4 Fe0.6 Cu4 Sn2 S8,0,0,0,0,0,,,,
50965,Cu1.9988 Sn1.0012 S3,0,0,0,0,0,,,,
619778,Zn1 Cd1 Cu4 Sn2 S8,0,0,0,0,0,,,,
427890,Zn2 Cu4 Si0.162 Sn1.838 S8,0,0,0,0,0,,,,
194207,Zn2 Cu4 Ge2 Se6 S2,0,0,0,0,0,,,,
61693,Zn2 Cu4 Ge2 S8,0,0,0,0,0,mp-6408,-0.780016903,0.3483,71
40047,Fe2 Cu6 Sn1 S8,0,4,6,0,1,mp-651268,-0.591467036,0,
27653,Fe2 Cu2 S4,0,0,0,0,0,mp-640073,-0.592923177,0,52
5029,Fe1 Cu6 Sn2 S8,0,4,6,0,1,mp-1105236,-0.519543366,0,
237913,Ba8 Ga10 Cu2 S24,-1,-1,-1,0,-1,,,,
237914,Ba8 Ga10 Cu2 Se5.752 S17.984,-1,-1,-1,0,-1,,,,
235367,Cs8 Cu40 S24,0,-1,-1,0,15,,,,
203093,Zn1.6 Fe7.12 Cu19.12 Ge2.916 As0.324 S32,0,39,6,0,1,,,,
181166,Fe1 Cu2 Sn1 S4,0,0,0,0,0,mp-628568,-0.662777713,0,
2649,Fe9 Cu9 S16,0,4,6,0,1,mp-504587,-0.582782809,0,
72529,Cu2 W1 S4,0,-1,-1,0,43,mp-8976,-0.837937313,1.6202,13
16550,Cu8 S4,0,-1,-1,-1,-1,mp-618991,-0.310866975,0.5023,93
90387,Cd2 Cu4 Sn6 S16,0,34,23,0,1,,,,
163983,Cu8 Ag24 S16,0,-1,-1,-1,-1,mp-644883,-0.276885471,0.4942,
236225,Tl2 Cu13.696 S8,0,-1,69,0,15,,,,
93134,Tl2 Cu14 S8,0,-1,69,0,15,,,,
34699,Na8 Cu6 S16 N10 O24,-1,-1,-1,-1,-1,mp-1203070,-0.669754975,0,
14372,Na8 Cu6 S16 N8 O24,-1,-1,-1,-1,-1,,,,
86719,Cu13.68 S8 N2,0,-1,-1,-1,-1,,,,
10305,Cs2.4 K1.6 Cu24 Ge8 S32 O4,0,65,70,24,44,,,,
236240,Tl4 Cu27.4 S16,0,-1,69,0,15,,,,
236226,Tl4 Cu27.4 S16,0,-1,69,0,15,,,,
236245,Tl4 Cu27.4 S16,0,-1,69,0,15,,,,
86720,Cu27.26 S16 N4,0,-1,-1,0,15,,,,
81777,Tl4 Cu28 S16,0,-1,69,0,15,mp-21964,-0.382198203,0.6868,
230724,Li4 Cu4 S4 O18,-1,-1,-1,1,-1,,,,
41244,Cu4 C4 S4,0,-1,-1,-1,-1,,,,
10241,Rb1 Cu6 Ge2 S8 O1,0,65,70,24,44,,,,
10259,Cs0.25 Rb0.75 Cu6 Ge2 S8 O1,0,-1,70,24,44,,,,
10202,K1 Cu6 Ge2 S8 O1,0,65,70,24,44,,,,
8300,Zn2 Cu4 Sn1 Ge1 S8,0,0,0,0,0,,,,
189283,Zn2 Cu4 Sn2 Se4.8 S3.2,0,0,0,0,0,,,,
16707,Cu14 S8 N2,0,-1,69,0,15,,,,
200419,Zn1.44 Fe0.56 Cu3.96 Sn1.98 S8,0,0,0,0,0,,,,
181149,In2 Cu2 Ge2 S8,0,-1,-1,0,1,,,,
236247,Zn2.326 Cu3.348 Sn2 S8,0,0,0,0,0,,,,
259066,Zn2.52 Cu3.94 Sn1.54 S7.36,0,0,0,0,0,,,,
8301,Zn2 Cu4 Ge2 S8,0,0,0,0,0,,,,
79445,K2 Cu14 S8,0,-1,-1,0,15,,,,
239679,Zn2.0 Cu4 Sn2 S8,0,0,0,0,0,,,,
189282,Zn2 Cu4 Sn2 Se6.4 S1.6,0,0,0,0,0,,,,
79444,Tl2 Cu14 S8,0,-1,69,0,15,,,,
259063,Zn2.22 Cu4.36 Sn1.42 S7.28,0,0,0,0,0,,,,
239675,Zn2 Cu4 Sn2 S8,0,0,0,0,0,,,,
627364,Zn0.66 Fe1.34 Cu4 Sn2 S8,0,0,0,0,0,,,,
68359,Cu2.136 Mo1.864 S8 N2,0,-1,-1,-1,-1,,,,
31036,Cu2 C16 S8 N8 Cl2,-1,-1,-1,-1,-1,,,,
199830,Zn1.6 Cd0.4 Cu4 Sn2 S8,0,0,0,0,0,,,,
239678,Zn2 Cu4 Sn2 S8,0,0,0,0,0,,,,
239681,Zn2 Cu4 Sn2 S8,0,0,0,0,0,,,,
8299,Zn2 Cu4 Sn2 S8,0,0,0,0,0,,,,
243553,Li0.706 Zn2 Cu3.294 Sn2 S8,0,0,0,0,0,,,,
239677,Zn2 Cu4 Sn2 S8,0,0,0,0,0,,,,
262389,Zn2.116 Cu3.768 Sn2 S8,0,0,0,0,0,,,,
87513,Cu3.848 Sn2 Hg1.952 S8,0,0,0,0,0,,,,
259064,Zn2.2 Cu4.38 Sn1.42 S7.28,0,0,0,0,0,,,,
184358,Zn2.38 Cu3.938 Sn1.682 S8,0,0,0,0,0,,,,
16072,Cu2 Mo2 S8 N2,0,-1,-1,-1,-1,mp-1078111,0.224035512,0,
259065,Zn2.54 Cu3.92 Sn1.54 S7.36,0,0,0,0,0,,,,
290297,Zn1.22 Cd0.06 Fe0.72 Cu0.26 Ag3.74 Sn2 S8,-1,0,0,0,0,,,,
424675,Mn0.8 Co1.2 Cu4 Sn2 S8,0,0,0,0,0,,,,
65272,Tl2 Cu14 S8,0,-1,69,0,15,,,,
424674,Mn0.4 Co1.6 Cu4 Sn2 S8,0,0,0,0,0,,,,
236246,Zn1.64 Cu4.24 Sn2.12 S8,0,0,0,0,0,,,,
189284,Zn2 Cu4 Sn2 Se3.2 S4.8,0,0,0,0,0,,,,
189285,Zn2 Cu4 Sn2 Se1.6 S6.4,0,0,0,0,0,,,,
418296,Na10 Cu2 S8 N4 O24,-1,-1,-1,1,-1,mp-1200812,-1.666737898,1.2748,
64684,K8 Cu9 S8 Cl2 O36,-1,-1,-1,1,-1,,,,
91317,La20 Cu24 S28 O16,0,-1,-1,25,-1,,,,
249658,La20 Cu25.308 S28 O16,0,-1,-1,25,-1,,,,
427746,Li8.772 Cu7.228 S8,0,-1,-1,-1,-1,,,,
427747,Li8.816 Cu7.184 S8,0,-1,-1,-1,-1,,,,
74020,Rb8 Cu8 Sn4 S16,0,20,-1,0,1,mp-18006,-0.956227567,0.8634,
171221,Tl8 Cu8 Sn4 S16,0,20,-1,0,1,mp-18240,-0.608442405,0.2965,
246131,Sr16 Mn8 Cu12 S16 O16,0,-1,61,-1,-1,mp-555856,-1.941158464,0,
26494,Cu42.664 Pb4 S30,0,-1,-1,-1,-1,,,,
156243,Cs2 Ce4 Cu2 S12,0,9,11,4,7,,,,
655809,Fe2.64 Cu40 Pb4 S30,0,-1,-1,-1,-1,,,,
84302,Rb16 V8 Cu8 S32,0,66,71,0,45,mp-15219,-1.36090012,1.2546,
414271,Rb16 Ta8 Cu8 S32,0,66,71,0,45,mp-11923,-1.430250567,2.3516,
40452,Cu16 S8 O32,0,-1,-1,1,3,mp-28491,-1.373502835,1.4398,
84304,Rb16 Nb8 Cu8 S32,0,66,71,0,45,mp-15221,-1.396763137,1.988,
402422,K16 Nb8 Cu8 S32,0,66,71,0,45,mp-9763,-1.379746012,1.9647,
81414,K16 V8 Cu8 S32,0,66,71,0,45,mp-15147,-1.350333274,1.2547,
154815,Sr0.7408 La7.2592 Cu4 S0.2296 O16,-1,-1,-1,-1,-1,,,,
85267,Sr0.6 La7.4 Cu3.3 S0.7 O16,-1,-1,-1,-1,-1,,,,
154816,Sr1.0384 La6.9616 Cu4 S0.3848 O16,-1,-1,-1,-1,-1,,,,
85268,Sr0.6 La7.4 Cu3.32 S0.68 O16,-1,-1,-1,-1,-1,,,,
421076,Cu8 P32 S24 Br8,-1,-1,35,0,19,mp-1197804,-0.441484999,1.7554,
418076,Cu8 P32 S24 I8,-1,-1,35,0,19,mp-554724,-0.40222316,1.7068,
152775,Tm4 Cu4 Pb4 S12,0,67,72,7,46,,,,
152770,Er4 Cu4 Pb4 S12,0,67,72,7,46,,,,
80624,K4 Zr4 Cu4 S12,0,68,73,0,1,mp-9317,-1.587747625,0.5846,
156296,Y21.12 Cu2.88 Pb10.88 S44,-1,-1,-1,0,1,,,,
152769,Ho4 Cu4 Pb4 S12,0,67,72,7,46,,,,
152772,Lu4 Cu4 Pb4 S12,0,67,72,7,46,,,,
250436,Sr4 Lu4 Cu4 S12,0,68,74,0,1,mp-13189,-2.014472275,1.3821,
423716,Er8 Tl4 Cu12 S20,0,69,-1,0,1,mp-1192137,-1.397586574,1.4556,
63328,Cu12 S12,0,47,21,0,31,mp-555599,-0.525467088,0,74
412074,Cs4 Er8 Cu12 S20,0,69,75,0,1,mp-18540,-1.532677206,1.6344,
82560,Zr4 Tl4 Cu4 S12,0,68,-1,0,1,mp-7049,-1.314079235,0.6078,
659165,Ba4 Sc4 Cu4 S12,0,68,74,0,1,mp-1103664,-1.95281629,0.86,
249533,K8 U4 Cu12 S20,0,-1,-1,0,10,mp-557249,-1.241356926,0,
78176,Ba4 Er4 Cu4 S12,0,68,74,0,1,mp-14969,-2.038938747,1.1929,
55672,Eu4 Tm4 Cu4 S12,0,68,74,0,1,mp-12728,-2.00334873,0.2358,
93678,Rb4 Nd8 Cu4 S16,0,70,76,0,1,mp-10834,-1.951845505,1.0581,
82562,Hf4 Tl4 Cu4 S12,0,68,-1,0,1,mp-9396,-1.325754279,0.7967,
413289,Cu4 Bi4 S4 Cl8,0,-1,-1,-1,-1,mp-554238,-0.940428357,0.6788,33
152774,Dy4 Cu4 Pb4 S12,0,67,72,7,46,,,,
152773,Tb4 Cu4 Pb4 S12,0,67,72,7,46,,,,
30233,Cu4 Ag4 S4,0,-1,4,2,4,mp-8911,-0.326678835,0.2866,46
249968,Cs4 Np4 Cu4 S12,0,68,77,0,1,mp-862802,-1.518807414,0,
152771,Yb4 Cu4 Pb4 S12,0,67,72,7,46,,,,
93682,Rb4 Er8 Cu12 S20,0,69,75,0,1,mp-17344,-1.542623739,1.5113,
97557,K4 Y8 Cu4 S16,0,70,-1,0,1,mp-11602,-1.99135915,1.0391,
156297,Ho20 Cu5.0 Pb11.52 S44,-1,-1,-1,0,1,,,,
97561,K4 Ho8 Cu4 S16,0,70,76,0,1,mp-11606,-1.989606425,1.0606,
412073,Cs4 Dy8 Cu12 S20,0,69,75,0,1,mp-1190785,-1.533503483,1.5886,
97558,K4 Nd8 Cu4 S16,0,70,76,0,1,mp-11603,-1.957492463,1.0327,
249700,Cs4 U4 Cu4 S12,0,68,77,0,1,mp-13348,-1.493893315,0,
97559,K4 Sm8 Cu4 S16,0,70,76,0,1,mp-11604,-1.973605585,1.0583,
59858,Rb4 Ho8 Cu12 S20,0,69,75,0,1,mp-17929,-1.540500356,1.5755,
93679,Rb4 Sm8 Cu4 S16,0,70,76,0,1,mp-10835,-1.964929435,1.0894,
97560,K4 Tb8 Cu4 S16,0,70,76,0,1,mp-11605,-1.991921349,1.0077,
73887,Na4 Zr4 Cu4 S12,0,68,73,0,1,mp-9107,-1.521653614,0.5626,
2337,Cu12.48 Bi11.52 Pb0.48 S20 I8,0,-1,-1,0,-1,,,,
659166,Ba4 Y4 Cu4 S12,0,68,74,0,1,mp-1103275,-2.038369668,1.2132,
249966,K4 Np4 Cu4 S12,0,68,77,0,1,mp-867312,-1.353571043,0,
156245,Cs4 Ce4 Cu4 S12,0,68,77,0,1,mp-510569,-1.740768728,0.8198,
408854,K4 Gd8 Cu4 S16,0,70,76,0,1,mp-15553,-1.997025098,0.9275,
249701,K4 U4 Cu4 S12,0,68,77,0,1,mp-13349,-1.54199592,0,
249967,Rb4 Np4 Cu4 S12,0,68,77,0,1,mp-867188,-1.356377277,0,
409293,K4 Hf4 Cu4 S12,0,68,73,0,1,mp-9855,-1.60453586,0.757,
59896,Rb4 Gd8 Cu4 S16,0,70,76,0,1,mp-12322,-1.985353532,1.0067,
659167,Ba4 Gd4 Cu4 S12,0,68,74,0,1,mp-1102297,-2.039111142,1.1217,
170864,K4 Th4 Cu4 S12,0,68,77,0,1,mp-12365,-1.80328898,2.0372,
249704,Rb4 U4 Cu4 S12,0,68,77,0,1,mp-13352,-1.483962668,0,
15139,Ba4 Cu16 S12,0,-1,-1,0,15,mp-27424,-0.884455991,0.1287,
73691,La4 Cu4 Pb4 S12,0,71,-1,0,1,,,,
59157,Eu8 Cu4 S12,0,71,74,0,1,mp-1192020,-1.873106332,0,
84625,Cu5.48 Bi9.56 Sb0.96 Pb9.48 S28,-1,3,3,0,1,,,,
197451,Cu3 Bi5 Pb3 S12,1,3,3,0,1,,,,
155081,La8 In4 Cu4.0 S20,-1,72,78,26,47,,,,
155083,Pr8 In4 Cu4.0 S20,-1,72,78,26,47,,,,
42032,Cu16 Bi16 S36,0,-1,3,0,1,mp-559551,-0.618529712,0.6526,
167006,Cu7.92 Ag4 Bi4 Pb4 S16,0,-1,-1,0,-1,,,,
156640,Cu1.64 Bi6.32 Pb1.68 S12,1,3,3,0,1,,,,
240925,Cu4 As4 S4,0,0,0,0,0,mp-5305,-0.392952616,0,67
66656,Ba4 Cu8 S8,0,-1,-1,0,-1,mp-5970,-1.191075904,0.9054,
659039,Ba4 Cu16 S12,0,-1,-1,0,15,mp-654109,-0.870665271,0.4473,
16909,Fe8 Cu4 S12,0,0,0,0,0,mp-605485,-0.541077276,0,
156641,Cu1.6 Bi6.38 Pb1.62 S12,1,3,3,0,1,,,,
85133,Cu4 Sb4 S8,0,73,79,0,1,mp-4468,-0.574476397,0.7369,
30972,Cu0.64 Bi4.16 Sb5.24 Pb6.6 S20,-1,3,3,0,1,,,,
95924,Cu4.892 Bi19.108 Pb4.892 S36,1,3,3,0,1,,,,
197450,Cu1.32 Bi6.68 Pb1.32 S12,1,3,3,0,1,,,,
14255,Fe8 Cu4 S12,0,0,0,0,0,mp-605485,-0.541077276,0,
760258,Cu0.352 Ag0.16 Bi18.404 Sb1.192 Pb11.84 S40,9,74,80,0,14,,,,
187752,Cu12 H16 S4 O32,36,14,81,1,3,mp-697994,-1.324202734,0,
67531,Fe8 Cu4 S12,0,0,0,0,0,mp-605485,-0.541077276,0,
181969,Yb4 Sm8 Cu4 S20,-1,72,-1,26,47,,,,
427660,Tl8 Cu8 S12,0,-1,3,0,1,,,,
171052,Cu4 Bi4 S8,0,73,79,0,1,mp-22982,-0.608189886,0.4999,
426474,Sr4 La4 Cu4 S12,0,71,74,0,1,,,,
16747,Cu4 S4 O16,0,19,14,1,3,mp-20525,-1.614747181,0,60
172850,Tm4 Cu4 S8,0,5,8,0,1,mp-12455,-1.703363859,1.6667,
430096,La8 Cu4 Bi4 S20,-1,-1,-1,0,-1,mp-1195675,-1.735407238,1.1082,
170688,Cu4 H16 C8 S8 N8 O8,-1,-1,-1,-1,-1,,,,
31126,Cu1 Sb7 Pb13 S24,-1,3,3,0,1,,,,
169943,Cu0.528 Ag0.056 Bi16.472 Pb15.144 S40,9,74,80,0,14,,,,
183815,Sm4 Eu4 Cu4 S12,0,71,74,0,1,mp-1190656,-1.988591679,0,
432660,Cu15.996 Sn4 S16,0,-1,-1,-1,-1,,,,
99612,La20 Ti8 Cu4 S20 O28,-1,-1,-1,-1,-1,mp-559474,-3.124362398,1.2107,
403112,Cu11.688 Sb4 S12,0,-1,82,0,48,,,,
604567,Cu16 Sn4 S16,0,-1,21,0,1,mp-504536,-0.532979137,0.0296,
172848,Ho4 Cu4 S8,0,5,8,0,1,mp-12453,-1.704350407,1.6149,
62537,Ta4 Cu4 S12,0,-1,-1,0,43,mp-3102,-1.16378151,0.4201,43
426785,Sr4 Nd4 Cu4 S12,0,71,74,0,1,mp-1190834,-1.990529405,1.2165,
627790,Cu16 Sn2.8 Ge1.2 S16,0,-1,21,0,1,,,,
203067,Cu12 H16 S4 O32,36,14,81,1,3,mp-697994,-1.324202734,0,
258577,Cu11.96 Sb4 S12,0,-1,82,0,48,,,,
14245,Cu4 Bi4 Pb4 S12,0,3,3,0,1,mp-624191,-0.684351555,0.6519,
36278,Cu4 Bi4 Pb4 S12,0,71,3,0,1,,,,
34450,Cu4 As4 S4,0,0,0,0,0,mp-5305,-0.392952616,0,67
15399,Cu4 S4 O16,0,19,14,1,3,mp-20525,-1.614747181,0,60
659174,Ba4 Ce4 Cu4 S12,0,71,74,0,1,,,,
160403,Cd8 Cu8 P8 S4 O68,-1,-1,-1,1,13,,,,
20454,Cu4 C8 S8 N16,7,-1,13,5,8,mp-1197218,0.994314801,0,
172849,Er4 Cu4 S8,0,5,8,0,1,mp-12454,-1.704199664,1.6389,
426475,Sr4 Pr4 Cu4 S12,0,71,74,0,1,,,,
259326,Cu4 Sb4 S7.52,0,73,79,0,1,,,,
152555,Y4 Cu4 Pb4 S12,0,-1,-1,0,1,mp-542802,-1.433893099,1.6243,
422076,Cu12.02 Bi4 S8 Br8,0,-1,-1,-1,-1,,,,
172852,Lu4 Cu4 S8,0,5,8,0,1,mp-12457,-1.695808041,1.7032,
96215,Rb8 Cu12 H8 S12 O56,-1,-1,-1,1,13,mp-697969,-1.526042357,0.3156,
403111,Cu11.824 Sb4 S12,0,-1,82,0,48,,,,
169945,Cu0.812 Ag1.324 Bi17.364 Sb1.788 Pb11.416 S40,9,74,80,0,14,,,,
430225,La8 Cu4 Bi4 S20,-1,72,78,26,47,,,,
186025,Cu12 Mo7.76 S0.24 O36,-1,-1,-1,1,49,,,,
38133,Cu4 S4 N16 O20,-1,-1,-1,1,-1,,,,
41971,Cu4 Bi20 Pb4 S36,1,3,3,0,1,mp-642316,-0.720278408,0.6023,
430097,Ce8 Cu4 Bi4 S20,-1,-1,-1,0,-1,mp-1195928,-1.618341356,0,
156642,Cu2 Bi6 Pb2 S12,1,3,3,0,1,,,,
410232,Cu12 Mo2.968 S5.032 O36,0,-1,-1,1,49,,,,
47131,Cu16 Bi15.68 S36,0,-1,-1,0,1,,,,
432025,K4 Cu12 S8 Cl4 O36,0,-1,-1,1,3,,,,
156638,Cu4 Bi20 Pb4 S36,1,3,3,0,1,mp-642316,-0.720278408,0.6023,
92458,Y4 Cu4 S8,0,5,8,0,1,mp-10533,-1.704146011,1.6123,
426440,Ba8 In2 Cu2 S12,-1,71,-1,0,1,,,,
156639,Cu1.544 Bi6.41 Pb1.59 S12,1,-1,-1,0,-1,,,,
27057,Cu12 S4 O32,0,13,14,1,3,mp-1202614,-1.126439261,0,
14154,Cu4 S16 N16 Cl8,-1,-1,-1,-1,-1,mp-653586,-0.226580256,0.1163,
259327,Cu3.64 Sb3.84 Te0.76 S7,0,-1,-1,0,-1,,,,
291570,Cu12 Bi24 S40 I4,0,-1,-1,0,1,,,,
60156,Cu8 Bi16 Pb8 S36,1,3,3,0,1,mp-652196,-0.701134557,0.5673,
16011,Cu28 S16,0,-1,-1,0,-1,mp-624299,-0.391254154,0,
169948,Cu1.852 Ag2.04 Bi16.924 Pb12.86 S40,9,74,80,0,14,,,,
194153,Nd4 Eu4 Cu4 S12,0,71,74,0,1,,,,
22364,K8 Cu4 S4 Cl8 O16,-1,-1,-1,1,-1,mp-560601,-1.962619044,0.5874,
616594,Cu2 Bi6 Pb2 S12,1,3,3,0,1,,,,
155082,Ce8 In4 Cu4.0 S20,-1,72,78,26,47,,,,
169947,Cu1.432 Ag1.232 Bi17.108 Pb13.464 S40,9,74,80,0,14,,,,
239751,Sr4.0 Ce4 Cu4 S12,0,71,74,0,1,,,,
172851,Yb4 Cu4 S8,0,5,8,0,1,mp-19888,-1.379029529,0,
15229,Cu4 Bi10 Pb10 S28,-1,3,3,0,1,,,,
55671,Eu4 Dy4 Cu4 S12,0,71,74,0,1,mp-542765,-2.005974412,0,
239752,Sr4 Ce4.0 Cu4 S12,0,71,74,0,1,,,,
659173,Ba4 Nd4 Cu4 S12,0,71,74,0,1,,,,
189273,Cu8 H24 C16 S4 N8 O4,-1,-1,-1,27,-1,,,,
36026,Cu12 S4 O32,0,13,14,1,3,mp-1202614,-1.126439261,0,
184998,La4 Eu4 Cu4 S12,0,71,74,0,1,,,,
181967,La8 Yb4 Cu4 S20,-1,72,-1,26,47,,,,
159383,Fe8 Cu4 S12,0,0,0,0,0,mp-603934,-0.283241371,0,
421075,Cu12 P16 S12 Br12,0,-1,51,0,19,mp-1202203,-0.414241518,1.5515,
29095,Fe8 Cu4 S12,0,0,0,0,0,mp-605485,-0.541077276,0,
88776,Y4 Cu4 S4 O28,0,-1,-1,1,3,,,,
96348,Cu12 H16 S4 O32,36,14,81,1,3,mp-697994,-1.324202734,0,
659175,Ba4 La4 Cu4 S12,0,71,74,0,1,mp-18079,-2.047084437,1.4018,
250435,Sr4 Gd4 Cu4 S12,0,71,74,0,1,mp-1192362,-2.020905134,1.1721,
230061,Cu4 Sb4 Se7.68 S0.32,-1,73,79,0,1,,,,
418077,Cu12 P16 S12 I12,0,-1,51,0,19,mp-559307,-0.346198957,1.5138,
47147,Cu4 As4 Se2.4 S1.6,0,0,0,0,0,,,,
418075,Cu12 P32 S24 Cl12,0,-1,35,0,19,mp-559558,-0.59210257,1.7894,
426786,Sr4 Nd4 Cu4 S12,0,71,74,0,1,mp-1190834,-1.990529405,1.2165,
30780,Cu0.48 Bi16 Pb14 S36,9,-1,-1,0,14,,,,
8599,Eu4 Er4 Cu4 S12,0,71,74,0,1,,,,
97027,Cu0.584 Bi0.24 Sb7.004 Pb12.756 S24,-1,3,3,0,1,,,,
62529,Ta8 Cu3.16 S24,-1,-1,-1,0,43,,,,
172847,Dy4 Cu4 S8,0,5,8,0,1,mp-555044,-1.703910582,1.6098,
189145,Pr4.0 Eu4 Cu4 S12,0,71,74,0,1,,,,
169944,Cu1.04 Bi16.068 Pb15.4 S40,9,74,80,0,14,,,,
187747,Ta4 Cu4 S12,0,-1,-1,0,43,mp-3102,-1.16378151,0.4201,43
155085,Sm8 In4 Cu4.0 S20,-1,72,78,26,47,,,,
73886,Na4 Ti4 Cu4 S12,0,-1,-1,0,-1,mp-505171,-1.383537884,0.156,
155084,Nd8 In4 Cu4.0 S20,-1,72,78,26,47,,,,
96438,La12 Cu4 S12 O8,-1,-1,-1,25,-1,mp-555681,-2.798772199,0.9984,
169946,Cu2.64 Ag0.28 Bi16.38 Pb14.4 S40,9,74,80,0,14,,,,
418753,Cu4 Sb4 S8,0,73,79,0,1,mp-4468,-0.574476397,0.7369,
181965,Yb4 Ce8 Cu4 S20,-1,72,-1,26,47,,,,
189144,Pr4 Eu4 Cu4 S12,0,71,74,0,1,mp-1191152,-1.975824972,0.1665,
197449,Bi7.2 Pb0.8 S12,-1,-1,-1,-1,-1,,,,
38120,Cu4 S4 N16 O20,-1,-1,-1,1,-1,,,,
183814,Nd4 Eu4 Cu4 S12,0,71,74,0,1,mp-1191419,-1.976933228,0,
88013,Sm8 Cu8 Te8 S8,0,-1,-1,0,-1,mp-561248,-1.361055712,0.1437,
124,Cu8 C8 S8 N8,0,51,50,17,33,mp-553972,-0.092295926,2.6417,
31340,Cu8 H32 C16 S16 N16 Cl8,-1,-1,-1,3,18,mp-721604,-0.466959125,0.9968,
424676,Cs8 Cu16 As8 S24,0,-1,-1,0,1,mp-1196438,-0.765914214,1.4209,
170866,K12 Th8 Cu12 S28,0,68,77,0,1,mp-638086,-1.630919312,1.431,
28437,Cu4 Hg4 C16 S16 N16,2,-1,13,5,8,mp-640925,-0.003005559,0.3338,
47146,Cu32 As32 Se25.6 S6.4,0,0,0,0,0,,,,
36027,Cu4 Hg4 C16 S16 N16,2,-1,13,5,8,mp-640925,-0.003005559,0.3338,
71034,Cu2 Bi13.332 S6 O40,-1,-1,-1,-1,-1,,,,
29342,Cu3 As1 S4,0,-1,-1,-1,-1,,,,
406989,Cu19.84 Sb4 S12 I8,0,-1,-1,-1,-1,,,,
68613,Nb24 Cu1.84 S10.16,-1,-1,-1,-1,-1,,,,
91298,Rb6 Cu4 Bi10 S20,-1,75,83,0,1,mp-555113,-0.917551283,0.5187,
628782,Cu2 S4,0,29,32,0,1,mp-849086,-0.539647572,0,
406988,Cu20 Sb4 S12 I8,0,-1,-1,-1,-1,,,,
93369,K6 Cu4 Bi10 S20,-1,75,83,0,1,mp-556522,-0.923099733,0.5756,
91299,Cs6 Cu4 Bi10 S20,-1,75,83,0,1,mp-669419,-0.914117708,0.4603,
408861,Ba4 Cu24 Ge8 S32,0,-1,-1,0,1,mp-556714,-0.807947818,0.7575,
419754,Cu4 As16 S12 Cl4,-1,-1,19,0,11,mp-558199,-0.506102872,1.6217,
422906,Ba4 Cu11.056 Te8 S2,-1,-1,-1,-1,-1,,,,
434341,K6 Cu8 S8,0,-1,-1,0,15,,,,
100574,Cu8 Hg8 S8 Cl8,0,-1,84,28,50,mp-23567,-0.669862208,0.6669,
100575,Cu8 Hg8 S8 Br8,0,76,84,28,50,mp-555267,-0.444439051,0.5301,
412309,Cu8 Hg8 S8 Br8,0,76,84,28,50,mp-554879,-0.446432205,0.7324,
10004,Na6 Cu8 S8,0,-1,-1,0,15,mp-27321,-0.859517371,0,40
412310,Cu8 Hg8 S8 Cl8,0,76,84,28,50,mp-23567,-0.669862208,0.6669,
412308,Cu8 Hg8 S8 Br8,0,76,84,28,50,mp-554879,-0.446432205,0.7324,
412307,Cu8 Hg8 S8 Br8,0,76,84,28,50,mp-554879,-0.446432205,0.7324,
422964,Cu12 Bi8 S12 Br8,0,-1,-1,-1,-1,,,,
255452,Cs2 Cu10 S6,0,-1,-1,0,15,,,,
412584,Cu4 Hg4 S4 Br4,0,76,84,28,50,mp-555267,-0.444439051,0.5301,
98872,Cu4 Hg4 S4 Cl4,0,-1,84,28,50,mp-672253,-0.659277898,0.5849,
15973,Fe8 Cu4 S14,0,-1,-1,0,-1,mp-540724,-0.569490785,0,
74273,Sr2.1 Ca0.16 Y0.74 Cu2.78 S0.22 O7.12,-1,-1,-1,-1,-1,,,,
430095,La8 Cu4 Sb4 S20,-1,-1,-1,0,-1,mp-1105298,-1.685205115,1.5528,
627779,Cu4 Ge2 S6,0,0,0,0,0,mp-1072589,-0.652663565,0,
188999,V8 Cu4 S16,0,34,23,0,1,mp-5178,-1.102941873,0,
417845,K4 Ta1.888 Nb2.112 Cu8 S16,0,77,85,0,1,,,,
84301,Na4 Nb4 Cu8 S16,0,77,85,0,1,mp-6181,-1.081347315,1.7915,
280516,Rb4 V4 Cu8 S16,0,77,85,0,1,mp-15998,-1.165209805,1.1946,
402924,K4 V4 Cu8 S16,0,77,85,0,1,mp-6376,-1.151892653,1.1553,
402636,Ta4 Tl4 Cu8 S16,0,77,-1,0,1,mp-9815,-0.978035643,1.8723,
402424,K4 V4 Cu8 S16,0,77,85,0,1,mp-6376,-1.151892653,1.1553,
419600,Eu4 Cu8 Sn4 S16,0,-1,7,0,1,mp-555984,-1.088157148,0,
628195,K4 Nb4 Cu8 S16,0,77,85,0,1,mp-1106233,-1.16595704,1.7834,
66580,Cu4 Ag4 S4,0,-1,4,2,4,mp-1077811,-0.31969583,0.7404,
70057,Cu8 Si4 S12,0,0,0,0,0,mp-9248,-0.769996236,1.3219,79
413428,Cu4.24 Hg7.76 S8 I4,0,-1,-1,0,-1,,,,
163137,Cu12 S2 O32,0,-1,-1,1,3,,,,
93370,Cs4 Cu4 Bi8 S16,-1,-1,-1,0,1,mp-558907,-0.866891997,0.7115,
91297,K4 Cu4 Bi8 S16,0,27,-1,0,1,mp-558063,-0.871939092,0.8553,
628781,Cu2 S4,0,29,32,0,1,mp-849086,-0.539647572,0,
66309,K4 Cu12 S8 Cl4 O36,0,-1,-1,1,3,mp-555595,-1.639735883,0,
9453,Cu4 C8 S8 N16,7,-1,13,5,8,,,,
74402,Cu4 Hg4 P4 S16,0,0,0,0,0,,,,
9452,Cu4 C8 S8 N16,7,-1,13,5,8,,,,
23826,Cu4 As4 S4,0,0,0,0,0,,,,
413309,Cu4 Hg4 S4 I4,0,-1,-1,0,-1,mp-542426,-0.370283863,0.4529,
300223,Cu4 Hg4 P4 S16,0,0,0,0,0,,,,
49008,K4 Cu4 S4,0,-1,-1,-1,-1,mp-28270,-0.982778041,1.8822,17
42490,Mn2 Cu4 Ge2 S8,0,0,0,0,0,mp-20474,-0.731820555,0.2651,70
18121,Cu4 As4 Pb4 S12,0,1,1,0,1,mp-628643,-0.637516049,0.7984,
83630,Sr4 Ga2 Cu2 S2 O6,0,62,66,23,41,mp-9425,-2.321988605,0.5521,
